CustomerID,CustomerName,Contact,Address,DeliveryZone
8443753vAS,Aajiv Singh,039 724 1820,"11571 Evergreen Avenue, Gurugram",GGM
3905935tAS,Aakanksha Simha,537 891 5428,"860 Pine View Court, Hydrabad",HDB
1946104iAS,Aakar Sikarwar,850 396 8576,"9087 Killdeer Center, Dehradun",DDN
2766492uAS,Aakas Sidhu,397 513 9359,"3 Steensland Trail, Ahamdabad",ABD
7256575nAS,Aakash Siddiqui,952 764 7533,"88646 Parkside Center, Bhopal",BPL
5104951wAS,Aarti Shukla,887 539 3460,"634 Schiller Trail, Jaipur",JPR
32257697AS,Aarushi Shroff,646 597 8128,"3087 Towne Way, Varanasi",VNI
2496416jAS,Aditi Shriyan,017 715 5059,"83 Drewry Pass, Bangalore",BGL
4479852uAS,Aditiya Shrikhande,379 525 7129,"48770 Hoard Street, Rajkot",RJT
8959008jAS,Aditya Shourey,137 381 4655,"6 Luster Junction, Hydrabad",HDB
7954223xAS,Adityalok Shivdasani,473 175 9158,"56 Heath Plaza, Bhopal",BPL
5065597vBS,Babbu Shivalkar,352 337 5152,"50 Carey Way, Surat",SRT
38236397BS,Babby Shishodia,693 793 6759,"09 Glacier Hill Pass, Varanasi",VNI
0301048nBS,Babita Shirke,503 187 7766,"989 Caliangt Park, Ahamdabad",ABD
51040343BS,Babli Shinde,183 066 9033,"25 Golf View Court, Patna",PTA
6816395iBS,Babloo Shikhawat,063 315 6990,"08 Boyd Hill, Gurugram",GGM
6916473vBS,Bablu Shikhavat,136 528 3992,"94 Calypso Point, Noida",NOA
4873999eBS,Badrulla Shetty,311 736 8140,"09 Glacier Hill Avenue, Bhopal",BPL
73807535BS,Badrunisha Sheth,074 553 4165,"11 Oxford Plaza, Hydrabad",HDB
9247773jBS,Badshya Shete,726 216 5145,"588 Trailsway Place, Dehradun",DDN
2554137qBS,Baga Sheshadri,312 763 6410,"6 Commercial Pass, Mumbai",MUM
7167912nBS,Bagaram Shekhar,783 657 4921,"3494 Mcbride Way, Indore",IDE
61718541BS,Bagdai Sheirgill,029 398 1592,"95 Sycamore Plaza, Dehradun",DDN
1403529jBS,Bagga Sheikh,755 375 5175,"1682 Superior Drive, Ghaziabad",GBZ
2068620lBS,Baggusingh Shenoy,288 997 9327,"1 Bonner Avenue, Ahamdabad",ABD
88360423BS,Bagwan Shelke,361 516 5148,"5 Johnson Street, Thane",THE
2352016iBS,Bahadur Shekhawat,320 227 2268,"959 Tennessee Place, Chennai",CNI
5056105nBS,Bahalen Shastri,128 488 3300,"276 Clemons Avenue, Bhuwneswar",BNR
2984125vBS,Bahart Sharma,651 267 8425,"44112 Del Sol Pass, Varanasi",VNI
97907148BS,Bahnu Shareef,672 281 8600,"8 1st Point, Lucknow",LKO
1960984lBS,Bahrat Shahane,672 815 6720,"26285 Kropf Terrace, Indore",IDE
79908457BS,Bahwana Shah,495 891 9058,"2698 Arizona Junction, Gorakhpur",GKR
85392456BS,Baichan Setna,201 623 2894,"452 Westerfield Avenue, Lucknow",LKO
2512241gBS,Baidnath Sethi,496 359 0463,"9 Gale Pass, Hydrabad",HDB
1890933yBS,Baijnath Sengupta,775 175 1362,"6134 Spenser Avenue, Rajkot",RJT
9449861bBS,Baita Sen,662 342 4753,"854 Dunning Hill, Gorakhpur",GKR
4746355fBS,Bajinder Selvan,109 074 2195,"2 Grayhawk Street, Lucknow",LKO
6035069bCS,Chandki Sekhri,161 418 4358,"22681 Springs Parkway, Indore",IDE
2527242cCS,Chandkor Sehwag,465 803 4627,"333 Morning Parkway, Patna",PTA
9128019uCS,Chandni Sehgal,530 526 6240,"93664 Kennedy Court, Delhi",DLI
26469718CS,Chando Saxena,807 880 2807,"23 4th Drive, Dehradun",DDN
0962372qCS,Chandpreet Sawji,537 263 5062,"91910 Dorton Circle, Surat",SRT
0152153qCS,Chandra Sawhney,813 288 0168,"4 Oak Valley Place, Mumbai",MUM
38511457CS,Chandracala Sawarkar,527 696 3922,"74204 Weeping Birch Terrace, Hydrabad",HDB
9678581gCS,Chandrakala Sawant,460 395 7455,"48315 Sachs Park, Dehradun",DDN
4761455wCS,Chandrashekhar Savarkar,299 245 2534,"667 Coolidge Trail, Bhopal",BPL
1318945pCS,Chandrawati Satija,890 138 7442,"362 Carioca Crossing, Varanasi",VNI
78129311CS,Chandreshwar Satam,382 705 2786,"3 Doe Crossing Road, Surat",SRT
83974313CS,Chandrika Sarwe,907 038 2249,"32111 Ramsey Lane, Delhi",DLI
68983421CS,Chandrram Sarve,736 671 7571,"410 Manitowish Circle, Kolkata",KKA
4436885sCS,Chandru Sarode,735 991 5783,"218 New Castle Plaza, Gurugram",GGM
3939908cCS,Chandu Sarnaik,500 956 8353,"29724 Forest Run Center, Kolkata",KKA
7167615yCS,Chango Sarja,140 532 6205,"469 Messerschmidt Junction, Patna",PTA
5145403aCS,Channu Sarda,903 978 4655,"385 Pankratz Parkway, Hydrabad",HDB
92366144CS,Chanpa Saraf,881 504 7638,"08035 Rutledge Plaza, Agra",AGA
7458667iCS,Chappla Sapra,470 285 5633,"9081 Havey Hill, Thane",THE
45568145CS,Charan Saoji,550 998 7927,"77893 Sunnyside Lane, Mumbai",MUM
5514803gCS,Charanjeet Sanon,345 685 4465,"0094 Prairie Rose Drive, Kolkata",KKA
1708034dCS,Charnjeet Sanir,217 237 5133,"4 Stoughton Crossing, Pune",PUN
2072236mCS,Charu Sanil,237 504 6958,"2736 Stuart Hill, Patna",PTA
8216187fCS,Chatan Sanghvi,705 212 7713,"6 Rockefeller Pass, Delhi",DLI
2449511uCS,Chatar Sanghavi,017 851 2354,"3 Pierstorff Park, Bhopal",BPL
6267252oCS,Chaterpal Sandhu,279 975 0157,"73 Glacier Hill Terrace, Rajkot",RJT
6182915uCS,Chatter Samudre,002 762 6331,"49 Reindahl Center, Chennai",CNI
5256562tCS,Chaturbhuj Samdurkar,966 532 2357,"85743 Hollow Ridge Park, Varanasi",VNI
2382505vCS,Chaya Samarth,626 642 0000,"7619 Bunting Center, Lucknow",LKO
5875147kCS,Cheddi Salunkhe,504 518 6087,"5 Marquette Plaza, Indore",IDE
5513782dCS,Cheete Saluja,527 014 8144,"31091 Merry Court, Gurugram",GGM
7481946wCS,Chela Salmaan,681 858 0739,"486 Village Green Road, Amritsar",ATR
2673968fCS,Chertamani Salian,121 069 2116,"4 Cottonwood Way, Noida",NOA
3006500lCS,Chet Sakpal,927 847 5441,"308 Southridge Alley, Bhopal",BPL
7544050jCS,Chetan Saklani,571 390 1813,"6680 Fremont Crossing, Thane",THE
0133266mCS,Chetana Saini,845 833 7886,"21 Randy Lane, Delhi",DLI
6751694yCS,Chetanram Saigal,638 504 5076,"495 Corscot Street, Bangalore",BGL
5384770xCS,Chetanya Sahukar,635 994 2756,"9 Mockingbird Place, Varanasi",VNI
0561100xCS,Chetna Sahu,352 566 5395,"6680 Little Fleur Trail, Agra",AGA
0691405qCS,Chetram Sahni,933 578 5447,"863 Grim Park, Noida",NOA
4773244vCS,Chettan Sahedev,068 033 9108,"229 Mariners Cove Alley, Gorakhpur",GKR
1807955pCS,Chhabeel Sahastrabuddhe,325 380 3652,"9 Daystar Plaza, Kolkata",KKA
90728506CS,Chhabi Sahai,735 118 9309,"3817 Eastwood Avenue, Amritsar",ATR
7005577pCS,Chhabil Saha,437 789 8450,"76 John Wall Drive, Varanasi",VNI
8951090kDS,Data Safary,904 431 3136,"92 Graedel Hill, Hydrabad",HDB
1792960fDS,Dataterya Sadhu,488 998 3435,"9 Bobwhite Terrace, Delhi",DLI
9970192DS,Dauad Sadarangani,533 861 4043,"01972 Thierer Junction, Bangalore",BGL
1908222vDS,Dauji Sachdev,749 660 9168,"86 Crescent Oaks Point, Chennai",CNI
8217837cDS,Daulat Sachan,287 103 3218,"58 Merchant Hill, Lucknow",LKO
6107234sDS,Daveena Sabnis,401 185 2610,"79243 Troy Road, Hydrabad",HDB
26308048DR,Davender Ruparel,365 462 6084,"072 7th Court, Bhopal",BPL
0927262mDR,Davendra Rungta,358 967 2936,"93 Rigney Junction, Patna",PTA
9365525aDR,Davinder Ruia,890 992 2071,"07183 Manitowish Trail, Patna",PTA
7049031aDR,Daya Roychoudhury,214 331 5527,"728 Autumn Leaf Circle, Kolkata",KKA
97131035DR,Dayal Roy,898 942 4254,"1 Portage Park, Mumbai",MUM
9798168eDR,Dayaram Roshan,621 105 3367,"39514 Packers Center, Hydrabad",HDB
76590372DR,Dayawati Rokade,319 614 6584,"87 Meadow Vale Junction, Pune",PUN
3126999iDR,Deba Rode,603 261 3939,"225 Towne Terrace, Bhopal",BPL
2400429bDR,Deeksha Reshammiya,726 476 9652,"3031 Fremont Park, Jaipur",JPR
56138991DR,Deelip Rehman,529 039 4896,"96 Kedzie Parkway, Bangalore",BGL
2871784oDR,Deen Rege,539 442 5133,"30 1st Trail, Lucknow",LKO
82975274DR,Deendyal Reddy,519 577 2112,"53 Longview Circle, Pune",PUN
81353178DR,Deep Raykantiwar,216 747 4872,"92 Westridge Park, Kolkata",KKA
0013151gDR,Deepa Ray,305 527 9365,"02 Straubel Crossing, Kolkata",KKA
3584752tDR,Deepaak Raxit,867 870 6526,"0979 Vera Lane, Patna",PTA
0367096oDR,Deepak Rawat,982 213 7035,"89 Rutledge Avenue, Jaipur",JPR
6166960eDR,Deepali Rawat,204 194 1576,"21 Buena Vista Crossing, Delhi",DLI
6773236lDR,Deepan Rawal,485 985 5067,"9 Clemons Plaza, Ghaziabad",GBZ
1721221eDR,Deepanker Ravinuthala,594 286 5647,"38893 Sunbrook Pass, Mumbai",MUM
2604236nDR,Deepanshi Rathore,000 456 9432,"0737 Dapin Avenue, Lucknow",LKO
9528240gDR,Deepanshu Rathod,515 995 1875,"5528 Brown Plaza, Pune",PUN
4173392DR,Deepansu Rathi,452 929 7809,"3716 Spaight Center, Amritsar",ATR
0271833gDR,Deepanti Rastogi,841 684 6677,"4 Kedzie Lane, Thane",THE
7493762aDR,Deepchand Rao,261 285 3395,"68388 Washington Alley, Thane",THE
1812570zDR,Deepender Rane,014 271 8841,"243 Dakota Alley, Gurugram",GGM
54143876DR,Deepi Ranawat,854 395 0139,"1 Commercial Circle, Gurugram",GGM
1109454nDR,Deepika Ranade,135 709 3908,"267 Sycamore Plaza, Delhi",DLI
95718824DR,Deepka Rana,366 313 6807,"41172 Mendota Parkway, Dehradun",DDN
4161962pDR,Deepmala Rampal,514 257 5790,"317 Leroy Parkway, Dehradun",DDN
8358450vDR,Deepnarayan Ramnani,476 015 4229,"53611 Merrick Plaza, Ghaziabad",GBZ
7729355pDR,Deepshikha Ramisetty,646 902 9300,"9142 Hovde Terrace, Bhuwneswar",BNR
3074602qDR,Deepti Ramesh,108 507 3456,"9 Lawn Circle, Gorakhpur",GKR
8019291tDR,Deepu Ramelwar,049 174 7219,"870 Pepper Wood Hill, Jaipur",JPR
71592254DR,Deepvhand Ramachandran,614 096 1322,"29 Center Place, Gurugram",GGM
1130521pDR,Deeraj Rakshit,305 179 4217,"9 Summit Junction, Gurugram",GGM
2572672oDR,Deerendra Raju,475 671 7984,"164 Hovde Place, Thane",THE
1590189pDR,Deewan Rajpurohit,453 396 7046,"54 Clyde Gallagher Avenue, Noida",NOA
2627406nDR,Deeya Rajawat,027 684 6156,"58801 Monterey Parkway, Kolkata",KKA
2360566DR,Denesh Rajan,836 750 4462,"77443 Fremont Parkway, Ahamdabad",ABD
18498697DR,Deni Raj,946 809 6777,"8757 Dwight Hill, Ghaziabad",GBZ
73624555DR,Deou Raizada,436 963 6431,"26992 Monica Alley, Bhopal",BPL
1703093nDR,Depali Raina,823 990 7227,"25131 Luster Park, Varanasi",VNI
4261358eDR,Depander Raikantiwar,531 195 7024,"0 Mendota Street, Varanasi",VNI
2131579xDR,Desh Rai,733 648 8310,"7 Farragut Junction, Amritsar",ATR
47963254DR,Deshraj Rahman,547 292 6374,"4 Charing Cross Junction, Delhi",DLI
59022636DR,Dev Raheja,303 239 8154,"5859 Armistice Park, Ahamdabad",ABD
48106449DR,Deva Rahane,019 782 5160,"1265 Veith Pass, Mumbai",MUM
7649904eDR,Devanand Raaz,964 887 3527,"4996 Fair Oaks Trail, Lucknow",LKO
44064977DR,Devanti Raaju,179 067 9501,"394 Corry Street, Pune",PUN
6241434bDP,Devasheeh Prakash,042 570 0017,"564 Rockefeller Drive, Kolkata",KKA
9367329qDP,Devashish Puthran,840 810 5819,"19349 Redwing Trail, Delhi",DLI
0702243iDP,Devasish Purohit,598 398 0436,"16022 Linden Lane, Agra",AGA
9328974qDP,Devdhari Puri,591 822 8285,"60851 Dawn Road, Amritsar",ATR
9671426pDP,Devender Puranik,962 166 6740,"13 Hanover Circle, Bhopal",BPL
8400840cDP,Devendr Punwani,640 952 3191,"17 Farmco Terrace, Patna",PTA
4244646mDP,Devendra Punj,645 295 4215,"402 Bay Hill, Gurugram",GGM
3670623wDP,Devendri Puniyani,496 306 2942,"1 Buell Parkway, Hydrabad",HDB
51741935DP,Devesh Puniani,933 951 2616,"69470 Melrose Court, Mumbai",MUM
0092338kDP,Devi Punia,474 455 3437,"26 Anniversary Center, Gurugram",GGM
3530750dDP,Devid Premji,298 681 3842,"24578 Brown Court, Indore",IDE
71511561DP,Devideen Pratham,308 204 5118,"48461 Oak Valley Junction, Pune",PUN
76180784EP,Englas Prasadi,088 608 8839,"78 Vermont Court, Delhi",DLI
72008816EP,Eshavarya Prasade,860 116 1729,"2148 Merrick Avenue, Indore",IDE
59231153EP,Eshwari Prasad,723 211 0192,"6394 Hazelcrest Street, Patna",PTA
3963918aEP,Esrail Prajapati,249 785 8071,"1 Saint Paul Pass, Thane",THE
4743988cEP,Etahsaam Pradhan,617 478 7977,"84935 Cascade Point, Mumbai",MUM
9536896yEP,Evan Prabhu,959 017 4051,"48 Pine View Circle, Gorakhpur",GKR
44937738EP,Ezaz Prabhavalkar,764 672 6818,"8006 Brickson Park Drive, Gorakhpur",GKR
6485894cFP,Faaija Potluri,782 876 7644,"1 Corscot Way, Lucknow",LKO
5377460jFP,Fahija Potdukhe,861 324 3341,"431 8th Center, Noida",NOA
1817351nFP,Fahim Potdar,952 696 9022,"10780 Sunfield Parkway, Agra",AGA
71692127FP,Fahira Porwal,490 941 6022,"42 Monument Drive, Gurugram",GGM
0798490yFP,Faijal Polekar,391 180 0558,"864 Manley Place, Patna",PTA
69618099FP,Faijina Pohnekar,291 767 8426,"9337 Little Fleur Crossing, Hydrabad",HDB
7211528qFP,Faim Pohankar,187 532 7976,"807 Old Gate Avenue, Hydrabad",HDB
88521602FP,Faimuddin Pitale,641 182 0640,"336 Carpenter Circle, Pune",PUN
2435952kFP,Faisal Piramal,313 213 6851,"6068 Springview Center, Agra",AGA
8646480kFP,Faiyaaz Piramal,356 654 4251,"07 Russell Parkway, Jaipur",JPR
6857059mFP,Faiz Pinjarkar,508 733 3173,"20 Northfield Point, Kolkata",KKA
28886168FP,Faizal Pingale,020 690 5158,"8 Dayton Court, Thane",THE
4288395uFP,Faizan Pimplapure,611 645 9110,"610 Upham Lane, Bhuwneswar",BNR
3083290yFP,Faizudeen Pimparkar,797 218 7583,"08 Superior Drive, Agra",AGA
8294443rFP,Faizur Pillai,913 271 8422,"4 Grayhawk Park, Amritsar",ATR
6172760oFP,Fakerey Phogat,336 049 5157,"61013 Prairieview Lane, Bhopal",BPL
8263972yFP,Fakiha Phatak,949 253 6005,"6 Vidon Point, Bhuwneswar",BNR
7937421rFP,Fakir Phanse,543 676 3012,"81850 Division Hill, Amritsar",ATR
26285624FP,Fakiri Pendse,223 541 7508,"0174 Pepper Wood Hill, Pune",PUN
1617343xFP,Fakrrudeen Pendharkar,333 642 4608,"749 Sutherland Court, Bhuwneswar",BNR
9835380hFP,Fakrudeen Pednekar,298 024 5236,"35 Eastwood Point, Jaipur",JPR
2974739uFP,Fanni Pawar,142 691 4204,"02 Beilfuss Court, Gorakhpur",GKR
5471935wFP,"Faqir Pavri, Pawri",394 159 5436,"636 Hooker Circle, Indore",IDE
70414694FP,Fara Paul,297 709 1069,"15799 Kingsford Crossing, Jaipur",JPR
4263115kFP,Farah Paud,830 763 0519,"1535 Charing Cross Place, Bhopal",BPL
4347894fFP,Faraha Patwardhan,704 410 8924,"955 Ruskin Avenue, Bhuwneswar",BNR
0457846nFP,Faraheen Patra,884 675 3053,"8 New Castle Plaza, Chennai",CNI
3309256cFP,Faran Patni,478 502 7387,"0797 Mandrake Avenue, Hydrabad",HDB
4442429qFP,Farana Patne,717 406 4162,"32 Gale Way, Hydrabad",HDB
9884984mFP,Fareem Patnaik,769 264 9409,"113 Birchwood Crossing, Indore",IDE
9464908bFP,Fareen Patki,288 511 6173,"9657 John Wall Lane, Delhi",DLI
5428432wFP,Fareena Patil,281 613 6896,"6226 Vernon Way, Surat",SRT
1411859hFP,Farha Pathak,997 381 0722,"31318 Bluestem Alley, Amritsar",ATR
2657270wFP,Farhaja Patel,687 789 0071,"310 Chinook Parkway, Amritsar",ATR
4075368xFP,Farhan Patekar,548 765 5310,"40 Forest Run Place, Gurugram",GGM
75969039FP,Farhana Patankar,149 092 3677,"76410 Loomis Center, Kolkata",KKA
9387238uFP,Farhanaaz Pasricha,413 415 9785,"7681 Prentice Pass, Surat",SRT
9751641kFP,Farhanaz Paruchuri,113 522 0843,"42139 Stuart Alley, Kolkata",KKA
11101599FP,Farheen Parsodkar,655 877 3494,"8 Northfield Hill, Surat",SRT
59461864FP,Farhib Parmar,838 437 4484,"4536 Kinsman Way, Patna",PTA
2536719aFP,Farhin Parkhi,044 696 0508,"362 Dexter Circle, Surat",SRT
36953186FP,Farid Parikh,275 144 5450,"8 Merrick Avenue, Surat",SRT
3073731bFP,Farida Parihar,100 182 8718,"167 Logan Lane, Indore",IDE
4051289zFP,Farina Parekh,978 555 9353,"483 Rusk Street, Lucknow",LKO
20759333FP,Farjana Pardeshi,262 186 4270,"4 Dunning Lane, Noida",NOA
1478719fFP,Farjand Pardesi,167 045 6589,"7 Melvin Lane, Agra",AGA
2551682FP,Farjanul Parchure,138 241 0192,"03 Morningstar Terrace, Kolkata",KKA
78458277FP,Farku Parate,735 536 6585,"1 Mcbride Crossing, Dehradun",DDN
27925380FP,Farmaan Parasher,403 779 7369,"3947 Carey Place, Jaipur",JPR
6759420eFP,Farman Paranjape,266 156 8298,"10465 Pawling Pass, Thane",THE
91726219FP,Farmeena Parab,240 159 6054,"52 Armistice Plaza, Rajkot",RJT
10004287FP,Faroj Papule,157 986 1866,"15 Northwestern Hill, Patna",PTA
39318807FP,Farukh Pappu,666 366 7821,"9 Bultman Junction, Kolkata",KKA
1566161mFP,Farzana Panwar,814 665 8334,"04587 Westend Lane, Thane",THE
87034108FP,Fasrun Panthulu,498 451 1257,"63092 Cordelia Place, Patna",PTA
6510511nFP,Fateh Pant,397 777 6370,"9 Charing Cross Trail, Noida",NOA
9268335oFP,Father Panse,064 400 8063,"98 Saint Paul Pass, Mumbai",MUM
7813113FP,Fatima Panjwani,059 071 0982,"93767 Fairfield Plaza, Dehradun",DDN
1450357uFP,Fatma Panigrahi,488 857 2561,"1 Golden Leaf Circle, Lucknow",LKO
7893661bFP,Fauina Panicker,278 991 3084,"1448 Debra Trail, Jaipur",JPR
62979851FP,Faujdar Pagey,185 057 6217,"6 6th Center, Hydrabad",HDB
4428123hGP,Gensingh Page,233 497 6650,"11119 Meadow Valley Street, Gurugram",GGM
1325294iGP,Ghan Pangarkar,545 104 9829,"1 Rieder Lane, Thane",THE
8841458GP,Ghanshayam Pandya,189 245 3990,"9 Arapahoe Circle, Thane",THE
228499GP,Ghanshyam Pandit,463 798 4209,"1 Beilfuss Lane, Lucknow",LKO
5321688lGP,Ghansyam Pandian,277 439 2481,"493 Chinook Junction, Chennai",CNI
6899122yGP,Ghantoli Pandhripande,855 896 9981,"27 Mandrake Plaza, Varanasi",VNI
4128559zGP,Ghaseeta Pandher,170 164 5841,"0 Delaware Road, Agra",AGA
80737858GP,Ghasiram Pandey,056 718 0100,"416 Mesta Parkway, Gorakhpur",GKR
2644301tGP,Gheesa Pande,333 605 6330,"3334 Fuller Crossing, Rajkot",RJT
78735674GP,Ghisaram Panda,490 286 3015,"7167 Myrtle Avenue, Lucknow",LKO
72076779GP,Ghurul Pancholi,016 751 1756,"61 Union Alley, Hydrabad",HDB
8707974gGP,Gila Palod,127 967 3656,"210 Farwell Plaza, Bhopal",BPL
6963471jGP,Gilbahar Paliwal,875 243 9111,"4 Carey Way, Dehradun",DDN
4902862cGP,Girdhari Palekar,634 264 9625,"2 Sommers Alley, Jaipur",JPR
4879325tGP,Giri Palav,374 328 9243,"9 Clarendon Parkway, Bhuwneswar",BNR
7074283cGP,Girija Palandurkar,555 246 3042,"07758 3rd Way, Thane",THE
2397901xGP,Girijarani Palande,527 411 1659,"0391 Prentice Terrace, Patna",PTA
7674555dGP,Giriraj Palan,140 440 3229,"988 Golf Course Center, Thane",THE
4758548aGP,Girish Pal,927 585 0738,"35896 Raven Lane, Bangalore",BGL
97041440GP,Girishchandra Paintal,936 095 4462,"8077 Boyd Road, Jaipur",JPR
2844157oGP,Gudia Pagi,256 925 7453,"879 Golden Leaf Street, Lucknow",LKO
60916332GP,Gudiya Pai,772 754 7101,"1185 Morningstar Plaza, Kolkata",KKA
3668248oGP,Gudya Pahwa,809 884 3412,"2 Nova Lane, Mumbai",MUM
2912191gGP,Gufraan Padwad,164 144 0164,"92877 Thierer Plaza, Ghaziabad",GBZ
8922638qGP,Gufran Padukone,875 888 2209,"3035 Main Avenue, Patna",PTA
38842143GO,Gugna Ozha,941 717 2598,"0710 Troy Point, Thane",THE
4107799jGO,Gul Omkarnath,862 243 9951,"2 Bunker Hill Hill, Bhuwneswar",BNR
6621040gGO,Gulab Omkareshwar,530 385 5820,"71224 Vernon Street, Bhuwneswar",BNR
1912547uGO,Gulabsa Omble,996 996 2248,"9 Pepper Wood Pass, Lucknow",LKO
83205363GO,Gulabsha Ohri,733 147 9365,"86 Atwood Point, Pune",PUN
3092460kGO,Gulafsa Ogra,442 866 7945,"7 Rutledge Junction, Ghaziabad",GBZ
2960325vGO,"Gulafsha Ogle, Ogale",989 299 5925,"18983 Elgar Lane, Ahamdabad",ABD
3434265jGO,Gulafshan Oberoi,279 550 6928,"75409 Golf View Lane, Bhuwneswar",BNR
3986885rGO,Gulam Oak,663 927 8060,"2458 Pepper Wood Lane, Ahamdabad",ABD
1877187bGN,Gulashan Nitharwal,575 482 2298,"242 Red Cloud Way, Chennai",CNI
13596397GN,Gulbasha Nischol,951 784 1031,"864 Maple Wood Center, Amritsar",ATR
3048637fGN,Guldasta Nimhan,747 675 7471,"3 Corscot Center, Thane",THE
2419161xGN,Gulesta Nimbalkar,678 090 5592,"1 Jenifer Avenue, Pune",PUN
0793888rGN,Gulfam Nikhanj,373 351 6580,"98322 Pearson Street, Indore",IDE
8479527nGN,Gulfan Nike,773 663 4353,"3983 Butternut Street, Bhuwneswar",BNR
5514695lGN,Gulfara Nikam,195 161 8398,"8337 Melby Point, Varanasi",VNI
5798035wGN,Gulfasa Nihalani,099 292 3370,"809 Carpenter Circle, Bhuwneswar",BNR
3255202GN,Gulfasha Nigam,527 597 3228,"5 Mayfield Avenue, Gorakhpur",GKR
8680465xGN,Gulfsa Nerurkar,394 629 0116,"5616 Manley Plaza, Ghaziabad",GBZ
6290819wGN,Gulfsal Nene,727 414 7284,"946 Petterle Alley, Agra",AGA
28682570GN,Gulista Nelluri,107 918 9696,"895 Maple Wood Circle, Surat",SRT
97298107GN,Guljan Nehru,634 808 1975,"9 Meadow Ridge Park, Patna",PTA
61313882GN,Guljar Nehra,653 630 9986,"63 Hollow Ridge Circle, Varanasi",VNI
3014170gGN,Gulnaaz Negi,851 813 3040,"9 Manitowish Lane, Mumbai",MUM
67051701GN,Gulnaj Nayak,679 593 6471,"6 Manufacturers Lane, Bhuwneswar",BNR
53227828GN,Gulnanj Nawre,720 291 7464,"153 Merchant Park, Varanasi",VNI
7423821mGN,Gulnaz Naudiyal,844 384 3421,"677 Lawn Hill, Bhopal",BPL
5120440xGN,Gulnaza Nathawat,390 969 0801,"53 Mendota Junction, Mumbai",MUM
1877980yGN,Gulpacha Nath,781 095 3646,"542 Manufacturers Hill, Bhuwneswar",BNR
6143270qGN,Gulran Narula,219 065 2560,"3 Pearson Junction, Hydrabad",HDB
0686068qGN,Gulreg Narlikar,774 313 7844,"29 Union Plaza, Lucknow",LKO
4667203bHN,Huma Naresh,073 237 2557,"9 Sutteridge Lane, Bhopal",BPL
91930401HN,Humera Narayanan,280 379 8296,"32764 Stoughton Plaza, Chennai",CNI
5672671dHN,Hurji Narayan,494 194 0513,"64951 Larry Road, Bangalore",BGL
9399658lHN,Husain Narang,619 909 4341,"4 Pine View Parkway, Ghaziabad",GBZ
4614896bHN,Husainpreet Nandigam,201 342 7238,"7235 Morrow Hill, Patna",PTA
84892427HN,Husana Nandanwar,599 039 1248,"66 Maywood Crossing, Dehradun",DDN
8625265sHN,Huseni Nandamuri,829 476 7140,"083 Paget Plaza, Chennai",CNI
9624729uHN,Husina Nanda,071 747 0580,"4033 Eagle Crest Center, Dehradun",DDN
1406401uHN,Husiya Nanavati,208 749 5952,"1156 Katie Avenue, Bangalore",BGL
3231592bHN,Husnara Nakhate,704 614 2512,"08 Eagan Crossing, Delhi",DLI
58114885HN,Husno Namboodiri,558 201 3267,"78990 Portage Street, Jaipur",JPR
63049192HN,Hyatun Nambiyar,240 819 8283,"512 Main Alley, Noida",NOA
92977665IN,Iarfan Nambiar,492 207 8219,"2917 Merry Trail, Noida",NOA
0424242hIN,Ibarhim Nambian,245 282 8746,"079 Corscot Circle, Hydrabad",HDB
9945033zIN,Ibraham Nalamolu,381 408 7129,"76 3rd Point, Gurugram",GGM
9932065eIN,Ibraheem Nakra,291 120 2481,"17025 Saint Paul Parkway, Bhuwneswar",BNR
7773292zIN,Ibrahim Nair,465 589 5028,"30442 Eastlawn Pass, Patna",PTA
8017198wIN,Idrish Naik,801 414 5005,"2332 Summerview Lane, Bhopal",BPL
4043970tIN,Iema Nagpal,491 770 1909,"02432 Johnson Park, Varanasi",VNI
1444364wIN,Iesha Nagar,987 278 4025,"9 Golf Parkway, Dehradun",DDN
2731722lIN,Ifteshyam Nagaiah,713 741 1574,"59 Sunbrook Park, Bhopal",BPL
42600052IN,Ijhar Nag,354 813 0749,"9170 Talisman Pass, Patna",PTA
7118507rIN,Ikara Nadkarni,538 761 4909,"89 Gateway Crossing, Bhopal",BPL
86416770IN,Ikbal Nadikatla,480 010 6504,"85 Kipling Lane, Pune",PUN
2459927gIN,Iklakh Nadella,780 183 6017,"054 Debs Road, Pune",PUN
2747373eIN,Ikramuddin Nadar,280 649 1631,"891 Caliangt Trail, Gurugram",GGM
9739835zIN,Ikramudeen Nabar,317 422 9448,"2683 Arkansas Point, Lucknow",LKO
1305968rIN,Ikrar Noora,758 344 3702,"38 Briar Crest Junction, Hydrabad",HDB
1899395cIM,Ilayat Muzumdar,798 564 8719,"392 Meadow Valley Avenue, Dehradun",DDN
3312696uIM,Ilema Muttemwar,165 847 2882,"012 Lawn Road, Surat",SRT
9465341fIM,Ilesh Mushrif,065 535 1835,"57009 Green Court, Thane",THE
2173621gIM,Ilma Murthy,957 154 6062,"055 Stang Road, Chennai",CNI
3379319IM,Ilyas Muralidharan,038 009 6387,"1945 Ruskin Place, Kolkata",KKA
1917220uIM,Imam Munshi,058 770 6173,"03083 Waxwing Pass, Lucknow",LKO
8072351vIM,Imaman Munje,892 259 6407,"1078 Mcguire Hill, Gurugram",GGM
8785730jIM,Imamuddin Munjal,321 352 6445,"8 Memorial Street, Amritsar",ATR
97472300IM,Imamudeen Mundi,236 023 3202,"29 Park Meadow Center, Bangalore",BGL
9611974rIM,Imran Mundhe,400 818 2426,"28491 Vahlen Center, Amritsar",ATR
39488013IM,Imrana Mundan,057 230 4298,"6775 Fuller Trail, Patna",PTA
9526082rIM,Imsaan Mulki,794 948 2496,"68 Montana Parkway, Varanasi",VNI
1366040hIM,Imtiaz Muley,974 437 6454,"287 Magdeline Pass, Kolkata",KKA
6267500xIM,Imtiyaz Mule,252 242 2283,"3 Memorial Street, Delhi",DLI
0530696yIM,Imtyaz Mulchandani,594 075 5031,"076 Mifflin Place, Gurugram",GGM
4680634jIM,Inayat Mukherjee,461 126 2136,"002 Paget Lane, Pune",PUN
8888115iIM,Incee Mujumdar,311 067 6408,"574 Namekagon Way, Jaipur",JPR
1033033sIM,Inda Mudaliyar,955 630 5239,"5 Crescent Oaks Way, Rajkot",RJT
2351705zIM,Indal Macwan,938 366 7874,"2945 Knutson Circle, Hydrabad",HDB
9890920rIM,Indara Motwani,455 674 0573,"03073 Union Alley, Dehradun",DDN
10577227IM,Inder Motwani,037 838 3107,"3784 Bunting Plaza, Patna",PTA
2737406gIM,Inderjeet Morea,106 719 7569,"7405 Alpine Trail, Delhi",DLI
3153874gIM,Inderjit More,048 467 9627,"0464 Ohio Center, Kolkata",KKA
4044196pIM,Indernath Mongia,614 693 1303,"77 Lyons Junction, Jaipur",JPR
1627176pIM,Inderpaal Molkar,889 121 5635,"201 Ridgeway Street, Kolkata",KKA
8678105xIM,Inderpal Mojala,118 208 8866,"165 Mesta Hill, Gurugram",GGM
1620298uIM,Indervesh Moitra,326 972 3838,"464 Green Ridge Place, Thane",THE
3008733oIM,Indira Mohril,923 138 4454,"9 Esch Park, Pune",PUN
5446209oIM,Indra Mohit,293 157 1962,"7559 Hoffman Point, Pune",PUN
9242805qIM,Indraj Mohanty,270 630 1698,"84223 Redwing Center, Indore",IDE
4107142aJM,Jamee Mohan,929 959 2069,"8 Manitowish Terrace, Ghaziabad",GBZ
5067750kJM,Jameela Moghe,510 278 4978,"798 Transport Lane, Ghaziabad",GBZ
72105134JM,Jameer Modi,475 625 9750,"232 Sherman Parkway, Patna",PTA
66495487JM,Jamil Modak,146 810 2678,"68054 Mariners Cove Road, Gurugram",GGM
16422297JM,Jamila Mittal,175 402 9379,"71404 Bonner Hill, Ghaziabad",GBZ
5439691lJM,Jamir Mittal,763 575 2696,"8848 Tony Trail, Bhuwneswar",BNR
2835669xJM,Jamna Mistry,895 826 8444,"95 Mcguire Crossing, Jaipur",JPR
3730368cJM,Jamnaa Mishra,862 929 8326,"80 Northfield Crossing, Noida",NOA
8250004bJM,Jamrujaha Mirchandani,197 169 1603,"49 Melby Drive, Surat",SRT
7148688kJM,Jamshed Minhas,868 209 2065,"0 Union Way, Jaipur",JPR
5693597bJM,Jamuna Mhatre,016 348 4186,"80 Manitowish Trail, Hydrabad",HDB
3304793oJM,Janak Merchant,624 941 2426,"9 Lakewood Gardens Way, Lucknow",LKO
6237177iJM,Janaki Menon,534 323 7882,"3 Shoshone Alley, Surat",SRT
66986821JM,Janam Mendon,113 628 4980,"774 Cambridge Avenue, Noida",NOA
7949319cJM,Janardam Mendhi,277 962 7563,"9181 Moose Avenue, Amritsar",ATR
0138948rJM,Janesh Mehta,319 123 4611,"25018 Pine View Junction, Delhi",DLI
7710986eJM,Janeshwar Mehrotra,765 453 6867,"77 Fairfield Terrace, Lucknow",LKO
0477705mJM,Jang Mehrotra,777 639 0778,"243 Gina Point, Dehradun",DDN
3954489uJM,Jani Mehra,387 477 5690,"9174 Buhler Way, Surat",SRT
8316479tJM,Janid Meghe,666 221 0586,"89921 Tennyson Trail, Kolkata",KKA
63883347JM,Janki Mayar,153 504 5304,"5674 Commercial Court, Pune",PUN
1925339rJM,Jankidas Mattu,771 540 4548,"62078 Alpine Lane, Agra",AGA
60878125JM,Jankraj Mathurkar,087 559 7856,"28 Arkansas Lane, Kolkata",KKA
4445708oJM,Janmesh Mathur,455 698 0428,"72118 Little Fleur Hill, Rajkot",RJT
67482576JM,Jannat Mashelkar,950 424 5464,"3425 Pearson Way, Amritsar",ATR
96544951JM,Janta Marwaha,909 659 6999,"5845 Golf Point, Ghaziabad",GBZ
1695083mJM,Jantarpal Marwah,061 676 4650,"25 Monica Place, Amritsar",ATR
5977863oJM,Januka Marathe,673 697 0742,"06 Westridge Park, Varanasi",VNI
4779994tJM,Janvi Manjrekar,854 016 1625,"3872 Old Shore Plaza, Mumbai",MUM
40991621JM,Janwi Mandlekar,684 933 2924,"545 Kenwood Avenue, Rajkot",RJT
7798086nJM,Japneet Mandhane,201 083 8024,"81962 Morningstar Hill, Ahamdabad",ABD
0039199fJM,Jaquir Mande,129 007 4653,"8 Luster Avenue, Dehradun",DDN
2137714wJM,Jareena Mandalik,508 239 7022,"1 Sycamore Junction, Thane",THE
9314223bJM,Jarif Mandal,405 707 1539,"6 Melvin Park, Varanasi",VNI
7649690xJM,Jarim Manchandha,706 945 7783,"00454 Jay Avenue, Delhi",DLI
8009002hJM,Jarina Manak,875 507 4647,"7 Morningstar Court, Varanasi",VNI
7751193kJM,Jarnail Mamdani,422 359 2793,"029 Fordem Street, Gorakhpur",GKR
0553544eJM,Jasbir Malviya,031 617 0102,"7 Ridge Oak Junction, Bhuwneswar",BNR
11090409JM,Jashgul Malusare,099 482 4339,"457 Dunning Circle, Surat",SRT
58024070JM,Jashinal Malpe,108 264 0693,"5445 Morning Hill, Noida",NOA
2827023vJM,Jasim Mallya,414 232 0663,"940 Jay Alley, Hydrabad",HDB
9563095uJM,Jasina Mallapur,586 525 8039,"7 Kinsman Crossing, Bhuwneswar",BNR
47198114JM,Jasiram Malini,379 649 2930,"7914 Carioca Hill, Thane",THE
0384110vJM,Jaskaran Malik,045 452 2229,"20 Mcguire Terrace, Thane",THE
6296121dJM,Jaskirat Mali,094 596 0924,"21306 Lawn Alley, Varanasi",VNI
95140829JM,Jasleen Malhotra,773 476 6435,"7588 Cambridge Way, Bangalore",BGL
4699631nJM,Jaslin Malhotra,476 122 9909,"8 Ruskin Parkway, Noida",NOA
6341059sJM,Jasmeet Malhan,546 880 8229,"6 Roxbury Avenue, Bhuwneswar",BNR
6820361rJM,Jasmen Makwana,764 896 0854,"932 Grover Court, Patna",PTA
2405061iJM,Jasmina Makhija,734 183 1072,"95 Holy Cross Parkway, Amritsar",ATR
4136415dJM,Jasoda Majumdar,529 161 2590,"85 Westerfield Way, Varanasi",VNI
3391388pJM,Jaspal Maitra,590 947 1219,"54 Straubel Street, Chennai",CNI
43861097JM,Jaspreet Mahindrakar,465 425 6874,"03 Banding Crossing, Agra",AGA
1631040rJM,Jassi Mahindra,200 921 7949,"1962 Northview Center, Bhopal",BPL
2648196jJM,Jasvant Maheshwari,278 883 6001,"810 Fremont Hill, Varanasi",VNI
7897836bJM,Jasveen Mahashabde,266 003 7451,"22240 Grover Circle, Ahamdabad",ABD
2592007pJM,Jasveer Mahalingam,680 927 0600,"9 Fordem Circle, Bangalore",BGL
2724749jJM,Jasvinder Mahakale,948 514 9045,"3981 Wayridge Lane, Patna",PTA
5976484rJM,Jasvindir Mahajan,386 294 5324,"7199 Fair Oaks Trail, Hydrabad",HDB
36983806JM,Jasvir Mafatlal,294 119 2647,"990 Southridge Road, Lucknow",LKO
4945841pJM,Jaswant Madiwale,161 702 8908,"571 Rockefeller Lane, Amritsar",ATR
0675832wJM,Jaswinder Madasani,185 858 9912,"45 Montana Park, Gorakhpur",GKR
91414384JM,Jat Mabiyan,503 077 0988,"9999 8th Street, Amritsar",ATR
2256168bKM,Kadir Maan,764 140 4762,"42177 Menomonie Alley, Thane",THE
6325065gKL,Kadu Luthra,502 867 8060,"5 Spohn Avenue, Rajkot",RJT
49925518KL,Kafia Lunkad,653 962 9288,"6690 Buell Park, Chennai",CNI
2782075xKL,Kaif Ludhani,232 845 0962,"82655 Golf Course Junction, Bangalore",BGL
0925282qKL,Kaifiya Lote,106 506 9014,"7616 Eggendart Circle, Lucknow",LKO
2865132bKL,Kailaki Lopes,050 591 0565,"2 Clyde Gallagher Drive, Chennai",CNI
1750242nKL,Kailash Lokhande,197 055 6694,"65 Declaration Plaza, Dehradun",DDN
8494428yKL,Kailashi Lohia,892 130 1014,"54279 Nova Avenue, Dehradun",DDN
23101043KL,Kailesh Lodha,933 693 7275,"7 Moulton Avenue, Indore",IDE
8408025qKL,Kaishav Lobo,774 966 0473,"0465 Grayhawk Park, Bhuwneswar",BNR
1815110cKL,Kajal Limaye,142 695 4376,"86 Gerald Drive, Gurugram",GGM
65307934KL,Kajamuddih Ligam,158 504 7748,"568 Thackeray Circle, Kolkata",KKA
51183683KL,Kajar Lele,290 690 7326,"98179 Tennyson Way, Noida",NOA
5405774yKL,Kajol Latkar,002 622 0198,"0196 Spenser Road, Delhi",DLI
0590643yKL,Kajul Lapalikar,864 753 7336,"07729 Declaration Crossing, Lucknow",LKO
7036246cKL,Kala Langroo,345 202 2814,"965 Quincy Court, Noida",NOA
47734837KL,Kalap Langote,920 402 9457,"55941 Sundown Alley, Thane",THE
8345096kKL,Kalashi Lamba,632 439 8100,"596 Chinook Avenue, Surat",SRT
0390503jKL,Kalavati Lalwani,978 676 7596,"8 Dottie Point, Hydrabad",HDB
65451475KL,Kalawati Lallad,952 258 8048,"88 Bonner Pass, Gorakhpur",GKR
6185796aKL,Kalayan Lalchandani,698 851 5431,"0982 Vermont Plaza, Mumbai",MUM
43102917KL,Kale Lalbhai,914 595 1935,"23079 Sycamore Alley, Surat",SRT
3638206cKL,Kaleem Lal,128 711 6754,"9 Fieldstone Circle, Hydrabad",HDB
7547923cKL,Kaleram Lakhotia,818 156 4266,"75 Mifflin Trail, Surat",SRT
1690146sKL,Kali Lakhani,377 918 6592,"6381 Dakota Alley, Kolkata",KKA
6421829vKL,Kalicharan Lahoti,716 130 6585,"34 Ilene Crossing, Thane",THE
83550982KL,Kalip Lagoo,989 011 5785,"33 Mesta Plaza, Lucknow",LKO
79584412KL,Kalish Laghate,902 393 2093,"17211 Eggendart Crossing, Patna",PTA
2413112zKL,Kalla Lagadapati,850 256 0737,"48 Meadow Ridge Lane, Chennai",CNI
7879579gKL,Kallo Laddha,044 423 9057,"150 Sutteridge Pass, Gorakhpur",GKR
97879050KL,Kallu Lad,234 617 0554,"633 Kensington Park, Bangalore",BGL
3482318nKK,Kalma Koshley,376 799 0684,"1 Bluestem Hill, Rajkot",RJT
55968130KK,Kaloo Kathiriya,574 657 3031,"240 Welch Crossing, Kolkata",KKA
14993316KK,Kalpadma Kurup,541 771 8314,"0 Bultman Drive, Hydrabad",HDB
43025141KK,Kalpana Kurien,804 813 9918,"0 Aberg Terrace, Varanasi",VNI
1704988aKK,"Kalpesh Kundra, Kunder",527 398 4724,"7424 Montana Circle, Bhuwneswar",BNR
7026222bKK,Kalpeshwari Kundar,384 216 4809,"6 Norway Maple Circle, Rajkot",RJT
3195374kKK,Kalpna Kumta,988 537 6837,"2 Stang Park, Ahamdabad",ABD
0177430cKK,Kalu Kumpawat,168 848 8292,"7 Melby Court, Bhopal",BPL
56947759KK,Kalua Kumble,444 050 5558,"50916 Schurz Point, Dehradun",DDN
8145936tKK,Kaluram Kumbhare,935 371 2437,"120 Mayer Lane, Amritsar",ATR
3655528uKK,Kalusingh Kumari,943 007 2864,"879 Parkside Court, Jaipur",JPR
3292265uKK,Kalwant Kulshreshtha,239 646 5100,"709 Hovde Road, Ghaziabad",GBZ
6983578eKK,Kalwati Kulkarni,934 939 7112,"618 Lotheville Circle, Agra",AGA
0731303nKK,Kalyan Kukyan,352 225 4177,"67 Grim Parkway, Lucknow",LKO
18391248KK,Kalyani Kukreja,620 541 9826,"144 Colorado Plaza, Gurugram",GGM
7501500zKK,Kamakshya Kukkar,171 490 2880,"1 Northfield Pass, Agra",AGA
7489736uKK,Kamal Kukde,814 804 9114,"84775 Grover Way, Noida",NOA
70760411KK,Kamala Kuchibhotla,930 835 1320,"659 Melvin Plaza, Surat",SRT
2583108xKK,Kamaldeep Krishnamurthy,608 250 4735,"1 Prairieview Trail, Dehradun",DDN
3335920iKK,Kamaljeet Krishna,653 536 3375,"1 Dexter Pass, Delhi",DLI
4991589tKK,Kamalkishore Kriplani,630 192 3291,"03 Kingsford Drive, Gurugram",GGM
2449938fKK,Kamana Kottary,891 796 6891,"495 Dennis Park, Bhopal",BPL
73354046KK,Kamar Kottarakkara,460 669 5066,"81738 Mayer Road, Dehradun",DDN
25560037KK,Kamesh Kotian,539 164 5178,"8 Welch Alley, Dehradun",DDN
31984608MK,Musrat Kothari,258 911 2821,"44056 Kingsford Park, Jaipur",JPR
45525944MK,Mustafa Kothale,687 870 1224,"57218 Stang Avenue, Pune",PUN
87623830MK,Mustak Kondke,776 292 3683,"955 Meadow Vale Parkway, Noida",NOA
3725967uMK,Mustaq Kohale,657 028 7759,"13 Grover Street, Delhi",DLI
97135882MK,Mustikeem Koganti,561 139 7365,"26877 Waubesa Drive, Varanasi",VNI
6406492fMK,Mustkeem Kochar,230 028 2689,"8 Loomis Parkway, Indore",IDE
7595860tMK,Mustki Kirloskar,268 953 4036,"58948 Dennis Terrace, Pune",PUN
4572879pMK,Mustkim Kinariwalla,664 633 2306,"3247 Bashford Junction, Bhuwneswar",BNR
1136237uMK,Muzamiil Kinariwala,564 972 4752,"14 Pepper Wood Lane, Ahamdabad",ABD
4953099MK,Muzim Kilachand,019 586 6713,"3 Cherokee Way, Noida",NOA
2752020jMK,Muzmil Khurana,233 623 2015,"50 Elka Pass, Varanasi",VNI
3182985sNK,Naajim Khosla,010 085 6315,"17238 Bay Drive, Lucknow",LKO
6939889hNK,Nabal Khopkar,596 339 8083,"72869 Haas Alley, Noida",NOA
1919476gNK,Nabav Kholkute,469 275 7274,"326 Bay Lane, Lucknow",LKO
8801672NK,Nabi Khobragade,288 617 3697,"32 Duke Plaza, Lucknow",LKO
3574307uNK,Nabijan Khetarpal,636 791 1529,"73518 Superior Junction, Indore",IDE
9984164mNK,Nabila Kher,544 260 2284,"891 Arkansas Place, Chennai",CNI
92811651NK,Nachita Khemu,700 231 4955,"90256 Shoshone Road, Lucknow",LKO
3729002gNK,Nadeem Khedekar,476 677 2015,"03748 Pond Alley, Lucknow",LKO
40663046NK,Nadem Khatri,206 861 8669,"870 Eagle Crest Pass, Amritsar",ATR
33209759NK,Nadhim Kharbanda,878 748 9346,"3170 Anderson Terrace, Dehradun",DDN
7021199iNK,Nadim Khanolkar,609 447 3926,"3 Manitowish Alley, Thane",THE
1749632qNK,Nadir Khanna,512 587 8948,"049 Fairfield Plaza, Indore",IDE
41540351NK,Naeem Khanduja,292 351 5327,"81 Dennis Junction, Pune",PUN
4310627jNK,Nafe Khandelwal,370 679 5442,"57382 Monument Drive, Mumbai",MUM
45576971NK,Nafeesa Khandar,646 381 2014,"13327 7th Drive, Delhi",DLI
92594525NK,Nafisa Khan,998 237 8171,"71 Mesta Junction, Mumbai",MUM
6751191bNK,Nagaji Khaitan,712 349 0608,"042 Doe Crossing Road, Ahamdabad",ABD
85212708NK,Nagender Khadse,859 945 4487,"97135 Utah Road, Pune",PUN
8827869NK,Nagendra Kewalramani,124 548 8584,"56441 Merchant Place, Dehradun",DDN
36044332NK,Nagia Keshari,351 659 2205,"14867 Forest Crossing, Pune",PUN
8589713xNK,Nagina Kelkar,835 460 1414,"06992 Transport Hill, Lucknow",LKO
7620302nNK,Nagma Kazmi,519 049 1338,"34 Bowman Point, Hydrabad",HDB
5654682dNK,Nahani Kazi,175 323 9967,"19371 Boyd Point, Gurugram",GGM
5759992zNK,Nahar Kaul,849 825 0595,"8 Clove Court, Delhi",DLI
59796529NK,Nahid Katoch,153 438 6317,"39844 Dawn Plaza, Bhuwneswar",BNR
3705239iNK,Nahida Kasundra,074 894 3670,"1115 Clyde Gallagher Plaza, Delhi",DLI
3126428pNK,Naim Kasat,270 371 5168,"447 Blaine Hill, Kolkata",KKA
6477584xNK,Naima Karwande,172 955 0813,"444 Prentice Crossing, Hydrabad",HDB
7108102lNK,Naimuddin Karthik,126 473 4066,"109 Northland Park, Ghaziabad",GBZ
5253492wNK,Nain Karnik,967 307 7301,"06 Crowley Parkway, Delhi",DLI
2822383pNK,Naina Karnawat,946 324 0784,"6 Mallory Way, Lucknow",LKO
0210786yNK,Nainshi Karnatakkachu,441 051 8587,"583 Weeping Birch Avenue, Indore",IDE
6991101tNK,Naisi Karnad,332 438 4820,"5 Everett Terrace, Chennai",CNI
2909617iNK,Naitik Karlekar,721 444 4961,"591 Towne Place, Bhopal",BPL
9358160tNK,Najar Karkera,528 395 3619,"648 Brown Court, Surat",SRT
9721972jNK,Najara Karkare,093 092 4170,"7 Jay Street, Indore",IDE
3501459aNK,Najarana Karia,083 147 9564,"0 Manitowish Parkway, Chennai",CNI
31619104NK,Najda Karanth,062 670 3270,"5 Maywood Center, Dehradun",DDN
0766261aNK,Najim Kar,067 436 1811,"30759 Boyd Junction, Pune",PUN
1907075nNK,Najimuddin Kapur,202 103 6766,"0743 Tomscot Hill, Bangalore",BGL
3550023bNK,Najira Kapse,929 835 6764,"449 Becker Drive, Noida",NOA
24161292NK,Najis Kapre,751 385 3477,"6 Waywood Park, Patna",PTA
35624451NK,Najiya Kapoor,002 217 5710,"7 Chinook Alley, Gurugram",GGM
9523837gNK,Najma Kapadia,917 149 9805,"61 Northfield Terrace, Surat",SRT
23351617NK,Najmin Kansal,739 603 7403,"735 Waywood Crossing, Delhi",DLI
6359939aNK,Najni Kanoongo,552 298 3782,"3 Duke Street, Bhuwneswar",BNR
2672341jNK,Najo Kanojiya,013 022 0906,"330 Valley Edge Circle, Noida",NOA
54945261NK,Najrana Kannaujiya,383 568 1163,"07063 Bowman Lane, Dehradun",DDN
4886127nNK,Najre Kankariya,165 673 0349,"21 Lakewood Terrace, Patna",PTA
5804570nNK,Najreen Kanitkar,734 959 9034,"8139 Clyde Gallagher Hill, Chennai",CNI
8457356sNK,Najrin Kanhe,495 595 0867,"8 Moose Drive, Jaipur",JPR
2639997jNK,Najubai Kanetkar,904 303 9983,"9 Manitowish Plaza, Gurugram",GGM
26264230NK,Nakched Kane,547 078 5080,"933 4th Parkway, Lucknow",LKO
4098648rNK,Nakul Kanchan,296 289 8106,"9 Crowley Avenue, Lucknow",LKO
95817812NK,Naman Kanakia,068 329 4683,"0 Summerview Alley, Ghaziabad",GBZ
10226620NK,Namarta Kamboj,844 213 4414,"50732 Myrtle Alley, Delhi",DLI
7433143jNK,Name Kambli,383 330 1922,"7 Merry Parkway, Amritsar",ATR
7990254NK,Nameeta Kamat,001 711 0527,"17 Fairview Avenue, Delhi",DLI
1065155eNK,Namen Kalwani,933 664 7804,"687 Steensland Drive, Dehradun",DDN
0995030bNK,Namita Kalra,293 913 4590,"9 5th Park, Mumbai",MUM
8764637jNK,Namra Kale,514 516 2859,"41953 Hoffman Center, Agra",AGA
72852440NK,Nan Kalbhor,528 005 9642,"665 Linden Park, Rajkot",RJT
7771699qNK,Nana Kalawar,958 075 9962,"62245 Westport Way, Mumbai",MUM
85780228NK,Nanagram Kakde,853 024 9090,"6803 Sachs Road, Ghaziabad",GBZ
0026104tNK,Nanak Kak,858 741 7030,"662 Summer Ridge Court, Dehradun",DDN
54748230NK,Nancy Kadam,020 659 0431,"338 Hansons Alley, Gorakhpur",GKR
0455280tNK,Nand Kadakia,487 049 9633,"862 Manufacturers Lane, Ghaziabad",GBZ
4891511sNJ,Nanda Juvekar,798 644 0593,"82 Rieder Terrace, Dehradun",DDN
7921349xNJ,Nandani Juneja,044 763 2736,"5 Farmco Junction, Indore",IDE
0234968oNJ,Nandi Joshi,478 142 8232,"84541 Rigney Avenue, Varanasi",VNI
5791958cNJ,Nandini Johar,005 366 5506,"02 Muir Avenue, Delhi",DLI
6248986gNJ,Nandita Johal,296 698 6044,"60 Service Hill, Thane",THE
3992012fNJ,Nandkishore Joglekar,380 432 3971,"23161 Oneill Alley, Bhuwneswar",BNR
2803623tNJ,Nandni Jobanputra,779 455 0896,"69 Mcguire Circle, Mumbai",MUM
6717333pNJ,Nandram Jinturkar,575 834 8704,"398 Arkansas Avenue, Noida",NOA
33130943NJ,Nandu Jindal,481 139 9618,"356 Wayridge Pass, Surat",SRT
98553657NJ,Nanhe Jhawar,480 420 9188,"12466 Autumn Leaf Center, Rajkot",RJT
77553969NJ,Nanhey Jhathar,570 604 4903,"577 Elgar Street, Rajkot",RJT
99215531NJ,Nanhu Jha,328 201 1148,"45404 Bunker Hill Parkway, Varanasi",VNI
8571391sNJ,Nanka Jena,302 596 0975,"826 Parkside Road, Delhi",DLI
25646632NJ,Nankesh Jawalkar,408 798 1007,"30 Forster Hill, Indore",IDE
4106070xNJ,Nanki Jatasra,797 330 7524,"7073 Scoville Trail, Bhopal",BPL
57674826NJ,Nanku Jariwala,383 071 9925,"05 Lyons Avenue, Delhi",DLI
3763808eNJ,Nanni Janumala,130 701 3570,"341 Montana Plaza, Varanasi",VNI
7965913sNJ,Nannu Janolkar,047 435 1677,"1899 Armistice Pass, Chennai",CNI
6235419mNJ,Nano Janmeja,752 228 7514,"1 Lukken Alley, Noida",NOA
5794093qNJ,Nanshi Janefalkar,250 715 6469,"642 Fieldstone Way, Thane",THE
9367359xNJ,Nanu Janardhan,182 292 6442,"0871 Graceland Park, Surat",SRT
3518437pNJ,Nanveet Jalan,103 241 4449,"87120 Graceland Way, Bangalore",BGL
6199375fNJ,Nar Jajoo,244 605 0655,"8 Ridge Oak Crossing, Thane",THE
19012398NJ,Narain Jaiswal,856 039 5736,"5703 Lakewood Park, Bhuwneswar",BNR
50213663NJ,Naraini Jain,094 313 3373,"9278 Briar Crest Pass, Delhi",DLI
58331796NJ,Narander Jagtap,902 621 9061,"75953 Nancy Hill, Indore",IDE
6558564NJ,Narayan Jadon,026 897 8927,"3214 Leroy Court, Bhuwneswar",BNR
3271134eNJ,Narayani Jadi,308 199 7895,"183 Swallow Plaza, Gurugram",GGM
2111171wNJ,Narbada Jadhav,642 031 9619,"19367 Alpine Avenue, Chennai",CNI
6694771rNJ,Narbahadur Jadeja,029 725 5571,"2549 Southridge Street, Jaipur",JPR
78271722NI,Narbda Iyer,117 941 6931,"9216 East Trail, Ahamdabad",ABD
1929395eNI,Narbir Iyengar,928 529 0601,"20222 Nobel Place, Hydrabad",HDB
0378372gNI,Narendar Ivaturi,276 395 2287,"24029 Dunning Park, Kolkata",KKA
4139127oNI,Narender Irani,900 161 9502,"6 Schiller Center, Pune",PUN
5372173kNI,Narendera Iragavarapu,043 526 6308,"432 Towne Lane, Pune",PUN
4036845rNI,Narendra Ingole,831 605 0291,"24 Warrior Street, Patna",PTA
4463330zNI,Naresh Ingle,182 410 2664,"48 Chinook Park, Indore",IDE
2640041pNI,Nareshpal Indulkar,450 675 6068,"0 Carpenter Terrace, Bhopal",BPL
6849129rNI,Nargesh Indoria,688 061 3425,"1 Bultman Court, Varanasi",VNI
9889092iNI,Nargis Inamdar,128 498 6808,"9 Cody Place, Surat",SRT
8007693jNH,Nargish Hussainl,867 186 7695,"19865 Badeau Court, Bangalore",BGL
7762153zNH,Narhasi Hundal,147 005 3182,"7801 Stuart Point, Kolkata",KKA
91976114NH,Narinder Huilgol,238 995 2119,"58243 Eagan Pass, Chennai",CNI
1565765oNH,Narmada Hoskote,685 472 2857,"2 Bowman Center, Patna",PTA
90804861NH,Narmda Hoon,282 601 4182,"417 Debra Place, Thane",THE
53162185NH,Naroo Hooda,902 998 0863,"2 Larry Alley, Pune",PUN
1443940NH,Narpendra Holkar,931 453 3623,"8 Saint Paul Trail, Delhi",DLI
37356851NH,Narsa Hole,891 359 5816,"856 Dwight Lane, Gurugram",GGM
9968194qNH,Narsingh Hiwre,795 045 9505,"0330 Kinsman Court, Chennai",CNI
5246716iNH,Naruram Hirwani,320 312 5280,"24 Manitowish Avenue, Ghaziabad",GBZ
3628682nNH,Naryan Hirlekar,920 408 1778,"59 Shelley Road, Amritsar",ATR
7899302zNH,Naryani Hirani,726 497 7022,"3005 Forest Dale Avenue, Thane",THE
8460260uNH,Nasar Hiranandani,776 874 7064,"76 Hoepker Circle, Ahamdabad",ABD
14819762NH,Naseeba Hingorani,474 649 9360,"177 Prairie Rose Pass, Agra",AGA
38129313NH,Naseef Hinduja,302 331 0019,"202 Oakridge Lane, Jaipur",JPR
2223442aNH,Naseem Hegde,366 977 4877,"724 Moose Place, Delhi",DLI
7507378kNH,Naseema Hebbar,809 108 0310,"0 Dexter Crossing, Bhopal",BPL
61281229NH,Nashim Hazarika,933 758 2088,"39355 Maple Terrace, Delhi",DLI
23243052NH,Nashima Hazari,923 784 7534,"676 Reindahl Center, Lucknow",LKO
45217467NH,Nashimuddin Hazare,958 330 8449,"10665 Hoard Park, Ghaziabad",GBZ
3084610wNH,Nashrin Hazra,422 413 3131,"672 Basil Pass, Pune",PUN
38875520NH,Nasiar Hattangadi,773 800 7233,"9 Red Cloud Circle, Rajkot",RJT
7047707pNH,Nasibu Hassan,456 727 2684,"75 Scott Point, Amritsar",ATR
2696689dNH,Nasim Hasnee,487 111 5949,"8712 Atwood Street, Patna",PTA
86130350NH,Nasima Hashmi,367 561 5532,"3 Stuart Terrace, Jaipur",JPR
0732043sNH,Nasir Harode,132 640 9069,"87 Commercial Junction, Gurugram",GGM
9515475nNH,Nasira Haridas,134 444 1019,"7573 Macpherson Parkway, Gorakhpur",GKR
2307734kNH,Nasreema Hardas,808 410 2186,"7494 Maywood Terrace, Varanasi",VNI
1158063dNH,Nasreen Hansraj,669 566 1998,"6284 Schmedeman Place, Rajkot",RJT
8182508wNH,Nasrin Hangal,584 783 6913,"32915 Claremont Court, Lucknow",LKO
1529900yNH,Nasruddin Handoo,468 272 2743,"62 Bayside Terrace, Indore",IDE
80283205OH,Omveer Haksar,239 584 7040,"597 Monica Parkway, Lucknow",LKO
9330181hOH,Omwati Hagavane,355 640 6621,"2 La Follette Park, Ahamdabad",ABD
5451320xOH,One Hadas,330 726 6905,"4 Becker Park, Bangalore",BGL
29592699OH,Onginye Hadapsar,512 679 9390,"01 Kennedy Court, Indore",IDE
8293645pOH,Opendar Haasan,462 093 6564,"5971 Northwestern Street, Patna",PTA
5878005vOG,Osier Gurwara,493 127 6377,"19656 Warbler Way, Lucknow",LKO
81836875OG,Ovaish Gursahani,867 807 4309,"4364 Iowa Drive, Patna",PTA
9198045ePG,Pabitra Gurnani,004 287 4278,"164 Summit Terrace, Agra",AGA
7436675cPG,Pabu Gupte,365 037 6433,"4553 Longview Avenue, Mumbai",MUM
7172839iPG,Pachuram Gupta,387 732 9068,"6287 Jackson Street, Ghaziabad",GBZ
7300216rPG,Padam Gunnam,873 434 5866,"93 Ramsey Center, Jaipur",JPR
2433720ePG,Padama Gulwadi,495 392 9908,"689 Sullivan Drive, Dehradun",DDN
4992742qPG,Padma Gulgule,088 806 4737,"836 Tony Crossing, Kolkata",KKA
7063634kPG,Pahalwan Gujral,246 404 7246,"8 Schurz Avenue, Mumbai",MUM
5923583qPG,Paka Gujar,306 688 7368,"50487 Dayton Pass, Kolkata",KKA
3188358fPG,Pakhali Guha,742 438 5497,"9284 Pennsylvania Road, Jaipur",JPR
95640943PG,Palak Grover,766 917 9702,"65175 Melody Point, Surat",SRT
4750566gPG,Palaram Grewal,948 804 2552,"33765 Ludington Parkway, Surat",SRT
24089346PG,Pallavi Goyal,566 740 5532,"4055 Fisk Circle, Mumbai",MUM
79278985PG,Pallawi Gowda,227 901 0717,"81095 Main Court, Surat",SRT
4270516xPG,Pallu Gowarikar,756 939 7973,"5937 Bultman Junction, Bhopal",BPL
6604456fPG,Pallvi Govitrikar,117 135 8287,"78 Graceland Place, Noida",NOA
7214201rPG,Palvi Govind,779 365 5795,"2419 Tennessee Circle, Rajkot",RJT
8028929vPG,Palvinder Gounder,389 740 7615,"9 Hovde Place, Gurugram",GGM
82161528PG,Pamjeet Goswami,331 989 8845,"1192 Ruskin Avenue, Kolkata",KKA
21216581PG,Pammi Gosain,125 510 7042,"7 Clyde Gallagher Center, Rajkot",RJT
8073529bPG,Pammy Gosai,794 904 8793,"0649 Gateway Avenue, Gurugram",GGM
7131288oPG,Pampa Gore,567 621 5928,"59492 Rockefeller Junction, Mumbai",MUM
79849019PG,Panaj Gopi,981 481 4692,"57 Main Avenue, Bangalore",BGL
2030705fPG,Pancham Gopalan,964 250 2386,"0096 Veith Center, Agra",AGA
36564520PG,Panchhi Gopal,126 363 7589,"5880 Glacier Hill Alley, Bhuwneswar",BNR
0391982vPG,Panchi Gole,437 645 8875,"99 Washington Pass, Thane",THE
9477528zPG,Panchma Golani,998 723 3672,"5 Tomscot Circle, Gurugram",GGM
92544019PG,Panchoo Gokhale,097 294 7944,"6 Delaware Court, Dehradun",DDN
94389077PG,Panchu Gokarn,736 644 8222,"4996 Golden Leaf Court, Kolkata",KKA
3941756lPG,Panchuram Gohil,953 292 0322,"8379 Bultman Circle, Ghaziabad",GBZ
5338017zPG,Panchuri Gohad,761 599 6330,"85 Troy Terrace, Noida",NOA
3841468oPG,Pancu Goenka,710 548 9060,"3 Chive Crossing, Lucknow",LKO
6721799tPG,Pandit Goel,552 228 4116,"964 Bonner Center, Hydrabad",HDB
67538772PG,Pandu Godse,770 189 9014,"6 Eagan Junction, Bhopal",BPL
75311443PG,Pangita Godbole,355 526 7365,"3 Montana Street, Kolkata",KKA
6602536bPG,Pankaj Girotra,675 244 3216,"16 Thompson Street, Delhi",DLI
5422969wPG,Pankajsheel Girdhar,654 376 0899,"1853 Rusk Court, Lucknow",LKO
17257473PG,Panku Gill,278 783 8549,"73 Mitchell Way, Kolkata",KKA
61690674PG,Pankuj Gilani,251 465 7076,"56 Ohio Parkway, Kolkata",KKA
45638817PG,Panmati Ghui,566 998 9822,"3117 Leroy Hill, Kolkata",KKA
6553815hPG,Panna Ghoshal,620 425 1928,"9085 Eagan Center, Chennai",CNI
2948997gPG,Pannalal Ghosh,626 755 8858,"27 Independence Hill, Bhuwneswar",BNR
92145390PG,Pannu Ghate,274 094 5333,"521 Derek Place, Bangalore",BGL
61353201PG,Papa Ghatate,513 566 2023,"10 Eastwood Circle, Lucknow",LKO
4798668ePG,Papiya Ghanekar,955 754 8426,"11813 Kipling Crossing, Mumbai",MUM
3854486zPG,Papp Ghaisas,862 287 8313,"9 Melrose Lane, Bangalore",BGL
97825835PG,Pappe Ghai,117 238 6992,"7 Main Court, Lucknow",LKO
0603004vPG,Pappu Gera,297 596 4906,"6 Algoma Junction, Mumbai",MUM
1411122iPG,Pappy Gehlot,235 497 1625,"9 Ryan Way, Mumbai",MUM
4045491cPG,Papu Gayatri,947 504 6215,"69602 Dakota Point, Chennai",CNI
2854813PG,Papuu Gawande,927 035 8334,"371 Hauk Junction, Bhuwneswar",BNR
9196028pPG,Para Gavit,829 415 9545,"9428 Fairview Plaza, Noida",NOA
3100430aPG,Param Gautam,341 972 0702,"818 Ohio Street, Mumbai",MUM
21677746PG,Paramdeep Gaur,823 940 9468,"235 Gina Court, Hydrabad",HDB
49312111PG,Paramjeet Gavaskar,025 075 8535,"22728 Starling Court, Patna",PTA
0275629mPG,Paramjit Garware,455 358 2979,"765 Superior Place, Chennai",CNI
3310677uPG,Paramshela Garg,341 620 0314,"33 Dexter Plaza, Thane",THE
9478612rPG,Paramveer Garcia,717 729 2369,"885 Pond Alley, Lucknow",LKO
14675822PG,Paras Garapati,788 295 9634,"53708 Myrtle Point, Jaipur",JPR
7267503bPG,Parash Garach,994 826 8421,"09 West Parkway, Ahamdabad",ABD
2439119hPG,Parashram Ganguly,632 056 1866,"45055 Twin Pines Road, Surat",SRT
0174638rPG,Parashu Gangotri,598 151 3662,"3046 Acker Trail, Jaipur",JPR
0873079uPG,Parathvi Gangopadhyay,273 225 0005,"295 Express Alley, Dehradun",DDN
31611247PG,Paratibha Ganesan,746 103 7783,"660 Mitchell Crossing, Delhi",DLI
6804894uPG,Parbha Gandhi,486 818 4790,"2 Summerview Circle, Delhi",DLI
6172066fPG,Parbhat Ganatra,290 324 3022,"3 Randy Terrace, Gurugram",GGM
1447049zPG,Parbhu Gambhir,216 574 7372,"6788 Dakota Pass, Bangalore",BGL
2339573nPG,Parbhudayal Gajjar,872 492 8148,"62957 Sunnyside Alley, Thane",THE
7792986PG,Pardeep Gaitonde,553 011 9959,"7 High Crossing Pass, Surat",SRT
94858704PG,Pardep Gaiki,201 369 4179,"7216 Anniversary Way, Bangalore",BGL
78238333PG,Pardeshi Gaikwad,640 542 2978,"09735 Southridge Trail, Dehradun",DDN
7467204jPG,Pardhuman Gadre,481 647 0271,"09790 Del Mar Terrace, Kolkata",KKA
4668390nPG,Pareen Gadkari,031 719 5852,"129 Green Lane, Gurugram",GGM
0747794dPG,Pareeti Gadikar,872 150 1568,"62534 Sutherland Lane, Indore",IDE
15162110PG,Parem Ghadse,000 316 1711,"93 Buena Vista Alley, Noida",NOA
3083606kPG,Parerna Gadgil,047 528 8451,"189 Division Avenue, Patna",PTA
72888590PG,Pargat Gadekar,677 913 5413,"395 Fair Oaks Alley, Kolkata",KKA
9459843cPG,Pargati Gadde,352 493 9714,"0 Graceland Trail, Kolkata",KKA
28350907PF,Parhalad Fotedar,419 333 3117,"48 Tomscot Terrace, Delhi",DLI
0697625sPF,Pari Firodia,872 220 4768,"6 Old Shore Alley, Hydrabad",HDB
0808403nPF,Pariksha Fernandez,698 024 6782,"2600 Porter Alley, Lucknow",LKO
59875933PF,Parinka Faye,157 058 9613,"5 Eliot Lane, Varanasi",VNI
4570170tPF,Pariti Faujdar,621 497 7945,"65 Bay Trail, Noida",NOA
48831305RF,Rajendar Fansekar,361 024 5629,"6448 Toban Center, Chennai",CNI
6974523lRF,Rajender Fadnavis,899 024 3843,"893 Mayer Terrace, Gurugram",GGM
85553233RF,Rajenderi Fadikar,490 521 3825,"14473 Pepper Wood Court, Dehradun",DDN
34599515RF,Rajendra Faasil,604 495 2751,"499 Raven Trail, Kolkata",KKA
9300567yRE,"Rajesh Engle, Ingle",130 030 8733,"187 La Follette Alley, Ghaziabad",GBZ
2977611dRE,Rajeshvr Eknath,996 491 5385,"5 Warrior Circle, Jaipur",JPR
8960357bRD,Rajeshwar Dwivedi,505 704 1023,"18 Mesta Court, Ghaziabad",GBZ
30300133RD,Rajeshwari Dutta,195 654 3223,"5 Derek Hill, Surat",SRT
4031345oRD,Rajeswary Dutt,193 279 9894,"2 Armistice Park, Surat",SRT
0738995hRD,Rajia Dusanj,880 801 4084,"39792 Grayhawk Park, Kolkata",KKA
72344243RD,Rajibul Duggal,860 732 6182,"20 Onsgard Road, Patna",PTA
1259500fRD,Rajider Dugar,012 380 9466,"63066 Golf View Place, Delhi",DLI
26660588RD,Rajina Duddala,723 785 9968,"059 Hermina Drive, Ahamdabad",ABD
2948516mRD,Rajinder Dubey,437 768 2410,"1 Loftsgordon Alley, Agra",AGA
2903043mRD,Rajish Dua,982 416 6251,"66959 Farmco Circle, Dehradun",DDN
0772004pRD,Rajit Draboo,020 399 4528,"4497 Maryland Drive, Gurugram",GGM
5233057uRD,Rajiv Doshi,770 927 3301,"5 Tony Point, Rajkot",RJT
69644070RD,Rajiya Dosanjh,896 257 3185,"3 Cascade Place, Dehradun",DDN
49067339RD,Rajjit Dongre,581 986 4052,"8342 Waxwing Pass, Surat",SRT
7502670sRD,"Rajkali Doifode, Doiphode",677 405 1140,"88 Valley Edge Court, Rajkot",RJT
61147773RD,Rajkaranta Dobriyal,584 756 3931,"846 East Center, Thane",THE
75157414RD,Rajkarnta Dixit,390 111 6331,"0 Toban Way, Dehradun",DDN
90198605RD,Rajkiran Diwe,733 912 4584,"12387 Forest Run Circle, Chennai",CNI
1239069fRD,Rajkumar Diwadkar,798 692 6047,"70 Coleman Court, Gorakhpur",GKR
8627788mRD,Rajkumari Divekar,444 536 1749,"2837 Monica Alley, Ahamdabad",ABD
2483801rRD,Rajkumarm Dikshit,815 421 7402,"954 Talisman Park, Jaipur",JPR
4934133lRD,Rajl Dhumale,283 772 7444,"792 Sugar Pass, Thane",THE
2893879RD,Rajlaxmi Dhumal,507 725 2378,"0 Johnson Court, Mumbai",MUM
3324037bRD,Rajmani Dhote,764 742 4189,"4331 Prairie Rose Hill, Mumbai",MUM
0987821mRD,Rajna Dhoot,546 309 8264,"16790 Banding Avenue, Bhuwneswar",BNR
9929340lRD,Rajneesh Dhoni,968 548 5631,"5658 Lukken Way, Kolkata",KKA
231271RD,Rajnesh Dhone,894 016 2101,"06 Haas Pass, Chennai",CNI
1874122wRD,Rajni Dholakia,555 181 5013,"2454 Warrior Hill, Rajkot",RJT
5797942gRD,Rajnish Dhingra,420 683 4686,"176 Tennessee Alley, Patna",PTA
1309578uRD,Rajo Dhawan,112 380 0347,"92 Bashford Center, Delhi",DLI
2007647iRD,Rajpal Dharmadhikari,957 537 2593,"65060 Carey Plaza, Ghaziabad",GBZ
8889479RD,Rajputra Dharashiokar,462 884 8925,"5 Haas Circle, Surat",SRT
34027202RD,Rajrani Dhar,022 236 0222,"18310 Blaine Place, Bhopal",BPL
8156216eRD,Rajshree Dhanoa,539 830 8065,"850 Stone Corner Circle, Varanasi",VNI
3594754bRD,Raju Dhameja,913 636 9261,"3426 Mandrake Terrace, Patna",PTA
7966237sSD,Saviti Dhaliwal,012 395 7318,"42915 Dottie Hill, Indore",IDE
4720271mSD,Savitri Dhake,279 599 8004,"26 Redwing Street, Indore",IDE
3070659dSD,Savreen Dey,669 004 5522,"70 Starling Place, Delhi",DLI
97514091SD,Savrin Dewaikar,980 566 6568,"290 Sunnyside Avenue, Chennai",CNI
3547096kSD,Sawali Devgan,655 213 9602,"74 Hanover Center, Pune",PUN
67455656SD,Sawan Devgade,195 989 8697,"6 Stang Pass, Kolkata",KKA
45874467SD,Sawana Devaiah,533 866 9662,"9752 Judy Point, Hydrabad",HDB
89915696SD,Sawariya Devadikar,162 412 8664,"0220 Donald Plaza, Lucknow",LKO
91197213SD,Sawarmal Devadiga,259 227 1416,"5 Ryan Circle, Bhopal",BPL
959661SD,Sawati Dev,288 875 7253,"1933 Eagle Crest Avenue, Dehradun",DDN
8579178ySD,Sawatri Deshpande,585 671 2242,"2791 Northridge Point, Ahamdabad",ABD
28856310SD,Saweta Deshmukh,851 872 4059,"799 Golden Leaf Hill, Ahamdabad",ABD
0000732mSD,Sawrn Desai,400 424 5899,"0179 Novick Junction, Surat",SRT
8655520bSD,Sawtri Deora,448 572 8643,"4313 West Hill, Surat",SRT
2789768sSD,Sayada Deol,845 671 5080,"99432 Tomscot Pass, Ghaziabad",GBZ
42964390SD,Sayana Deodhar,498 879 6062,"660 Loeprich Point, Ghaziabad",GBZ
5772365wSD,Sayara Denzongpa,438 663 9791,"70591 Hayes Center, Dehradun",DDN
9810311nSD,Siddarth Dehadrai,480 156 4970,"5592 Kropf Pass, Bhopal",BPL
7776507eSD,Siddharth Dedhia,298 503 2582,"09143 Logan Junction, Jaipur",JPR
9024818sSD,Siddhi Dedhe,581 307 2177,"68 Luster Point, Rajkot",RJT
6790724cSD,Sidh De,018 679 0470,"0219 Warrior Park, Surat",SRT
32148929SD,Sidhant Dayal,177 330 5360,"71 West Park, Surat",SRT
2339360gSD,Sidharath Dawande,174 013 0333,"81650 Bluestem Junction, Chennai",CNI
20228893SD,Sidhart Dave,922 588 6745,"4 Buell Alley, Gurugram",GGM
5851304gSD,Sidharth Datey,649 274 4087,"21191 Pine View Junction, Kolkata",KKA
8133883kSD,Sidheswar Daswani,744 330 1532,"127 Lotheville Pass, Thane",THE
61066045SD,Sourav Dashmunshi,030 737 5934,"1 Rieder Way, Mumbai",MUM
5193852iSD,Souvik Dasgupta,118 264 8832,"16811 Anhalt Hill, Bhuwneswar",BNR
79224109SD,Sowar Dasgupta,404 719 4580,"9 Shasta Place, Agra",AGA
3803037cSD,Soyab Das,071 186 1515,"9073 Sugar Road, Indore",IDE
58053243SD,Soyam Darling,355 034 0360,"8 Redwing Hill, Delhi",DLI
5440605pSD,Sozi Darji,962 198 7433,"86 Cambridge Center, Surat",SRT
8105443nSD,Spana Darbari,609 821 1616,"81913 Sullivan Lane, Bhopal",BPL
9709739dSD,Sparsh Dani,936 454 7314,"395 Brentwood Alley, Agra",AGA
7646450pSD,Spna Dang,868 067 7476,"2998 Lerdahl Crossing, Pune",PUN
2456473fSD,Srheeram Dandekar,316 687 7889,"82 Arkansas Road, Indore",IDE
7409534vSD,Sri Dandale,966 496 0450,"19 Briar Crest Trail, Agra",AGA
2531967kSD,Srikant Damle,957 962 7684,"78792 Village Pass, Indore",IDE
31511134SD,Srimati Damble,973 900 5547,"935 Springs Park, Amritsar",ATR
19288179SD,Sriniwash Dalvi,121 279 6572,"791 Buell Center, Lucknow",LKO
1232084gSD,Srishty Dahake,836 083 0971,"125 Cherokee Park, Patna",PTA
7893909gSD,Srita Daga,060 630 2173,"8 Mallory Center, Dehradun",DDN
1811484jSD,Stephen Daftari,690 472 9732,"1729 Mayfield Point, Chennai",CNI
9886268cSD,Stifen Dadlani,689 844 0656,"8 Almo Terrace, Hydrabad",HDB
5253255cSD,Subani Dabral,969 256 8503,"009 Fairfield Terrace, Bhuwneswar",BNR
1122292oSD,Subash Dabholkar,896 578 7442,"36 Katie Lane, Pune",PUN
27080158SC,Subato Chugh,356 064 3334,"936 Hoffman Lane, Amritsar",ATR
4651040qSC,Subburaiyalu Chaudhari,557 704 8238,"6740 Melrose Avenue, Kolkata",KKA
3258722kSC,Sube Chowdhary,924 728 1821,"9 Browning Point, Ghaziabad",GBZ
3138204aSC,Subesh Chowdhury,630 464 0595,"410 Dixon Road, Delhi",DLI
8979881SC,Subhadra Choudhury,110 290 1524,"93 Scofield Junction, Ahamdabad",ABD
6272676gSC,Subhagi Chaudhary,108 252 7623,"9 Esker Point, Surat",SRT
1123369SC,Subhagya Choudhary,152 779 5414,"3008 Tennyson Street, Surat",SRT
1958203lSC,Suwadhin Chotai,228 813 4015,"1907 Prairieview Lane, Gurugram",GGM
7347777bSC,Swadhin Chorghade,460 279 7605,"096 1st Parkway, Kolkata",KKA
71630878SC,Swagtika Chopra,314 621 8359,"6517 Heath Drive, Varanasi",VNI
22829875SC,Swaliya Choksi,484 783 8342,"2 Ridge Oak Junction, Surat",SRT
2598736hSC,Swami Chitnis,764 438 6787,"79 Green Ridge Junction, Hydrabad",HDB
5675245kSC,Swapam Chitalia,764 629 5132,"86724 Barby Crossing, Amritsar",ATR
6087528bSC,Swapanesh Chitale,827 377 4447,"559 Burrows Plaza, Delhi",DLI
7067135qSC,Swaranjeet Chintawar,623 729 2456,"66508 Everett Park, Bangalore",BGL
95252960SC,Swarn Chimurkar,196 974 0766,"310 Center Way, Gurugram",GGM
8743337vSC,Swata Chimote,209 107 4341,"2189 Browning Plaza, Hydrabad",HDB
0362240gSC,Swati Chimalwar,854 102 9961,"04 Superior Alley, Bhuwneswar",BNR
4125238vSC,Swatri Chettipally,452 625 2888,"28208 Kinsman Alley, Ghaziabad",GBZ
0648426bSC,Swedesh Cheema,450 477 3008,"979 Superior Road, Gorakhpur",GKR
5452188hSC,Sweeti Chedge,067 986 3421,"9712 Dapin Pass, Bhopal",BPL
45275095SC,Sweety Chawla,423 372 0109,"12 Red Cloud Hill, Ahamdabad",ABD
0577540cSC,Sweta Chaurasia,817 183 1288,"7094 Crest Line Trail, Noida",NOA
76029185SC,Swetha Chaurasiya,338 895 1339,"52384 Basil Junction, Gurugram",GGM
3034177fSC,Swetna Chavan,030 302 4779,"1170 Victoria Junction, Patna",PTA
6019220qSC,Switi Chauhan,843 862 8333,"39 Judy Crossing, Lucknow",LKO
74707932TC,Taslima Chaubey,786 496 8589,"42136 Russell Circle, Thane",THE
8309211fTC,Tasmina Chandra,467 656 7611,"55 Raven Point, Hydrabad",HDB
6024407fTC,Tasnim Chaturvedi,889 758 4834,"29 Kedzie Trail, Delhi",DLI
8807188mTC,Tassadul Chattopadhyay,310 827 7729,"5 Grasskamp Park, Agra",AGA
5062186rTC,Tasveeran Chatterjee,760 678 5916,"29 Northview Circle, Agra",AGA
9220067nTC,Taufik Chattaraj,834 051 1535,"76721 Sherman Plaza, Thane",THE
4782956eTC,Tauseek Chary,146 329 6890,"252 Holmberg Court, Ghaziabad",GBZ
9910327gTC,Taushif Chaphekar,869 548 0647,"8274 Caliangt Parkway, Bangalore",BGL
4616869rTC,Tausin Chafekar,949 221 1502,"50373 Forest Dale Way, Indore",IDE
18572070TC,Tavinder Channe,254 613 6857,"5419 Mcguire Plaza, Kolkata",KKA
0803901kTC,Tavraj Chandrababu,743 298 3887,"6460 Elgar Crossing, Thane",THE
47905270TC,Tavvasum Chandorkar,905 951 6276,"54637 Dorton Avenue, Pune",PUN
89783894TC,Tayab Chandok,507 142 4448,"6 Mosinee Lane, Kolkata",KKA
2416259wTC,Tazaudeen Chandak,755 126 8035,"36 5th Pass, Mumbai",MUM
48588249TC,Teekam Chander,432 081 3257,"08377 Southridge Drive, Bhopal",BPL
4243740yTC,Teena Chandel,216 849 5364,"7 Pawling Plaza, Chennai",CNI
8099898rTC,Teenu Chandavarkar,054 458 9312,"0 Morning Point, Agra",AGA
65803245TC,Teerath Chandani,910 272 5744,"52668 Dexter Park, Ahamdabad",ABD
6257893dTC,Tehmina Chanchad,364 327 6796,"2 Grover Circle, Delhi",DLI
44812234TC,Tej Chanana,185 352 5338,"61 Kennedy Avenue, Jaipur",JPR
88720612TC,Teja Chakravarthy,800 181 5959,"91175 Maywood Road, Surat",SRT
2662418eTC,Tejender Chakraborty,423 784 1183,"1322 Northridge Drive, Patna",PTA
0138013gTC,Tejpal Chakole,500 058 9532,"051 Maple Terrace, Kolkata",KKA
8323341qTC,Tejvir Chahal,146 539 7974,"60298 Carpenter Crossing, Bhopal",BPL
7340007aTC,Tek Chacko,783 096 6820,"393 Sundown Lane, Gurugram",GGM
4844866yTC,Tekchand Chabukswar,438 744 5779,"443 Menomonie Circle, Ghaziabad",GBZ
3145129hTC,Tepu Chabbria,357 122 7340,"598 Fordem Drive, Gorakhpur",GKR
33497131TC,Terence Cethirakath,080 643 2447,"67 Cherokee Center, Gorakhpur",GKR
74637390TB,Thakur Buty,567 893 8574,"208 Summerview Court, Hydrabad",HDB
9713588kTB,Tharu Busanagari,220 624 6483,"620 Eastlawn Point, Bangalore",BGL
1009667fTB,Thomas Burman,744 371 2122,"0 Bay Alley, Chennai",CNI
33183481TB,Tikaram Bundela,545 299 4626,"29 Almo Road, Dehradun",DDN
9463364aTB,Tikku Budhisagar,158 673 3403,"8302 Division Street, Indore",IDE
2020340wTB,Tilak Buddharaju,307 021 6370,"312 Mccormick Crossing, Ghaziabad",GBZ
7893979sTB,Tilakraj Bradoo,728 093 0039,"44 Clemons Circle, Amritsar",ATR
8300322rTB,Tilakram Bose,697 211 2716,"00356 David Circle, Delhi",DLI
4242017jTB,Tilk Borkar,857 596 0251,"5 Ridgeview Way, Gorakhpur",GKR
7372313rTB,Tina Borgaonkar,466 074 7455,"05563 Talmadge Terrace, Pune",PUN
5172954aTB,Tinki Bora,874 344 5500,"1 Farmco Junction, Amritsar",ATR
5943745lTB,Tinku Bokare,544 476 6349,"25 Old Gate Pass, Bhuwneswar",BNR
6426788aTB,Tinvkal Bodhankar,883 128 1039,"3300 Rockefeller Junction, Bhuwneswar",BNR
98097665TB,Tipu Bobde,703 011 4782,"7 Claremont Plaza, Pune",PUN
0986182eTB,Tirath Biyani,056 126 7564,"4 Twin Pines Place, Hydrabad",HDB
6092470bTB,Tirlok Biswas,146 898 3986,"91676 Merchant Alley, Chennai",CNI
6225766rTB,Tisar Bisht,720 254 6534,"3394 Monica Way, Bhuwneswar",BNR
2804242cTB,Tisha Birla,881 484 9967,"19719 Northland Court, Chennai",CNI
2752113mTB,Titu Binny,177 986 3033,"906 Mayfield Avenue, Lucknow",LKO
89884770TB,Tiwankle Bika,087 498 8532,"3665 Mitchell Road, Agra",AGA
13677630TB,Tiwnkal Bijlani,980 536 9988,"9 Hoffman Street, Thane",THE
1583701mTB,Tofik Bhutada,056 859 0057,"9 Toban Crossing, Bhopal",BPL
8037769pTB,Tohid Bhushan,402 209 0595,"6514 Ridgeway Park, Lucknow",LKO
4258250uTB,Tohir Bhupathi,483 516 8851,"3 Riverside Way, Indore",IDE
8668211gTB,Tohmeena Bhowmick,708 146 4403,"5 Eliot Road, Gurugram",GGM
4157746eTB,Tohseeem Bhosale,962 794 8259,"200 Delaware Road, Amritsar",ATR
7388704jTB,Tolaram Bhojwani,662 302 1786,"78 Hanover Crossing, Agra",AGA
25898377TB,Toni Bhoite,876 489 9953,"1 Dunning Alley, Varanasi",VNI
7081024mTB,Tony Bhoir,173 303 2330,"06403 Eggendart Place, Bangalore",BGL
3665050vTB,Tool Bhite,530 817 8291,"927 Magdeline Plaza, Lucknow",LKO
1460497lTB,Toquir Bhimani,421 754 6359,"932 Eagle Crest Center, Noida",NOA
5529679qTB,Toshar Bhide,593 735 3011,"383 Sage Court, Hydrabad",HDB
3996723wTB,Tosheeb Bhende,915 816 0911,"370 8th Terrace, Amritsar",ATR
39119875TB,Tosif Bhavsar,607 385 9665,"71043 Ruskin Crossing, Agra",AGA
8849248vTB,Trannum Bhave,125 568 9435,"3 Summit Place, Noida",NOA
7375697iTB,Tranoom Bhatti,790 271 3960,"5091 Roth Road, Noida",NOA
0389871lTB,Traun Bhattad,046 931 3368,"8 Harper Terrace, Gurugram",GGM
6830751uTB,Trepti Bhattacharya,673 206 5224,"001 Stuart Park, Indore",IDE
5297662qTB,Tribavan Bhatia,285 464 6323,"3 Ridge Oak Terrace, Hydrabad",HDB
0882257pTB,Trijugi Bhathheja,844 200 3089,"3 Harper Terrace, Ahamdabad",ABD
5046905vTB,Trilochan Bhat,194 484 8710,"391 Graedel Way, Lucknow",LKO
7961095hTB,Trilock Bharti,100 693 6980,"0546 Daystar Drive, Surat",SRT
18999098TB,Trilok Bharjatya,406 499 9188,"5 Susan Street, Hydrabad",HDB
5092308aTB,Tripta Bhargav,716 762 0448,"433 Fulton Drive, Kolkata",KKA
1034028aTB,Tripti Bhardwaj,520 006 2174,"09368 Morning Road, Dehradun",DDN
2467319sTB,Tripurari Bharadwaj,272 667 2493,"4 Portage Junction, Bhopal",BPL
3966373wTB,Triveni Bhanushali,912 281 3348,"8681 Delladonna Hill, Kolkata",KKA
8014723bTB,Trlokchand Bhanot,111 612 7121,"389 Maryland Street, Noida",NOA
3089472mTB,Tuba Bhandari,099 621 3148,"77 Leroy Drive, Gurugram",GGM
1282770dTB,Tufail Bhan,323 829 3679,"8421 Sycamore Court, Lucknow",LKO
4541642lTB,Tufel Bhalodiya,010 852 3574,"857 Clemons Court, Lucknow",LKO
5919653zTB,Tuka Bhalla,422 835 0944,"53 Alpine Drive, Kolkata",KKA
1662778aTB,Tulcharam Bhakri,882 145 3976,"7 Swallow Plaza, Agra",AGA
44552347TB,Tulki Bhagwat,304 272 5609,"158 Warner Road, Varanasi",VNI
2635842rTB,Tulsa Bhagavathar,416 776 6143,"6 Ridgeway Hill, Ahamdabad",ABD
9700013xTB,Tulsha Bhagat,001 315 8158,"330 Mccormick Point, Noida",NOA
2818293mTB,Tulshi Bhaiya,447 624 3535,"565 Drewry Pass, Jaipur",JPR
1221766qUB,Usman Berde,627 670 8649,"2 Hooker Avenue, Amritsar",ATR
41573909UB,Utam Bengre,493 943 4370,"69 Hoffman Plaza, Indore",IDE
7191958vUB,Utkarsh Benegal,979 745 2003,"856 Welch Parkway, Delhi",DLI
6183371xUB,Utpana Bendre,031 842 9099,"78 Wayridge Hill, Varanasi",VNI
1662214xUB,Uttam Bedi,882 355 6766,"9266 Bunker Hill Point, Indore",IDE
1532122UB,Uzma Bawre,236 597 7235,"02 Mallard Point, Mumbai",MUM
4695906uVB,Vadhi Baweja,219 231 0313,"9628 Mallory Plaza, Rajkot",RJT
7934142gVB,Vahab Bawaskar,270 306 8888,"97 Raven Road, Ghaziabad",GBZ
6036583qVB,Vaibahv Basha,220 492 1925,"2 Jay Terrace, Jaipur",JPR
1316327cVB,Vaibav Batra,975 457 0809,"3 Tennyson Way, Noida",NOA
65356409VB,Vaibhav Batliwalla,313 245 7012,"3 Pawling Hill, Lucknow",LKO
91674550VB,Vaid Basu,901 233 2201,"407 Pine View Drive, Patna",PTA
5305450sVB,Vaijanti Basra,118 690 0829,"71 Brown Plaza, Indore",IDE
5379264wVB,Vaishali Barua,698 279 6428,"1156 Debra Place, Gurugram",GGM
23715586VB,Vaishanvi Barot,623 269 1666,"3 Claremont Street, Patna",PTA
5346953bVB,Vajid Barman,255 255 0732,"703 Pepper Wood Junction, Dehradun",DDN
1300067qVB,Vakeel Bardia,741 747 8572,"9 Golf View Street, Kolkata",KKA
3396939nVB,Vakesh Barde,124 050 2025,"7 Pearson Lane, Jaipur",JPR
7199043sVB,Vakil Bapat,047 029 2725,"07301 Mccormick Park, Bangalore",BGL
4923115kVB,Vakila Bantwal,394 673 8811,"107 Thompson Alley, Pune",PUN
42555361VB,Valentina Banthiya,611 158 6303,"1 7th Parkway, Ahamdabad",ABD
5882104yVB,Vandana Banthia,844 904 5771,"8 Chinook Alley, Bangalore",BGL
7071563yVB,Vandhana Bansod,006 902 6384,"4 Dayton Drive, Bangalore",BGL
0711018cVB,Vandhna Bansal,434 948 2941,"8 Dorton Center, Ghaziabad",GBZ
5056624fVB,Vandita Banjan,155 026 7977,"5 Huxley Drive, Chennai",CNI
1179902yVB,Vandna Bangre,238 386 7352,"45351 Kenwood Circle, Bangalore",BGL
1636797nVB,Vanish Bangera,336 409 3012,"08367 Schurz Circle, Hydrabad",HDB
0752461eVB,Vansh Banerjee,637 623 5126,"3 Acker Trail, Patna",PTA
5879903cVB,Vanshika Bandyopadhyay,300 737 8042,"86270 Northview Place, Lucknow",LKO
9006691sVB,Vanshu Bandodkar,440 591 2522,"35534 Reinke Parkway, Chennai",CNI
3137811tVB,Vansu Bamnote,896 085 0597,"5 Alpine Terrace, Rajkot",RJT
0062184fVB,Vinay Balsara,623 119 6677,"6 Meadow Vale Point, Bhopal",BPL
3150303mVB,Vinayak Balasubramaniam,493 423 4751,"805 Sauthoff Way, Delhi",DLI
88420771VB,Vinaysingh Balakrishnan,280 666 6083,"54 High Crossing Alley, Jaipur",JPR
4861618yVB,Vindeshver Balaji,340 089 3562,"7339 Rigney Lane, Gurugram",GGM
2113045lVB,Vineeta Bakshi,150 090 2222,"8190 Miller Circle, Patna",PTA
3546900yVB,Vineta Bajwa,116 381 3169,"2 Hayes Hill, Thane",THE
21651294VB,Viney Bajpai,158 804 6214,"8729 School Drive, Delhi",DLI
7720017nVB,Vinit Bajaj,033 516 8121,"481 Hazelcrest Place, Varanasi",VNI
3562913qVB,Vinita Baid,665 752 7765,"6366 Michigan Crossing, Agra",AGA
3188133vVB,"Vinna Baghel, Bagul",537 112 7834,"3 Artisan Hill, Bhuwneswar",BNR
77537961VB,Vinod Bafna,816 211 6742,"488 Dryden Way, Bangalore",BGL
8260445uVB,Vinoda Bhasi,374 195 7002,"59 Manitowish Center, Bhopal",BPL
6156793qVB,Vinos Bhaduri,531 972 4750,"6854 Almo Circle, Noida",NOA
9931898uVB,Vipan Bhadsavle,630 399 2323,"690 Dunning Hill, Amritsar",ATR
9155800uVB,Vipasha Bahl,667 127 5692,"53 Pond Court, Thane",THE
12825519VB,Vipendra Badhe,432 299 9223,"075 Michigan Pass, Hydrabad",HDB
0467983vVB,Vipin Badkas,947 637 4768,"14247 Bartillon Hill, Ahamdabad",ABD
4113487rVB,Vipiv Badgujar,995 014 9868,"5 Eastlawn Way, Pune",PUN
0432547vVB,Viplo Bachchan,621 035 0829,"193 Elmside Junction, Kolkata",KKA
98347231VB,Vipol Babu,709 288 5602,"350 Carberry Drive, Amritsar",ATR
2573903zVB,Vipta Babbar,940 289 8678,"739 Kensington Place, Surat",SRT
6397345dVB,Vipul Babariya,636 058 9654,"1273 West Street, Gurugram",GGM
5877261bVA,Vipulander Awasthi,305 679 1830,"61853 Dakota Drive, Kolkata",KKA
7717731gVA,Vipun Avari,132 971 7747,"65301 Toban Pass, Kolkata",KKA
9085113pVA,Viraj Aulakh,360 680 0500,"2 Debra Pass, Ahamdabad",ABD
1812362iVA,Viram Atwal,089 968 1301,"000 Anniversary Terrace, Dehradun",DDN
5167479fVA,Virat Attal,984 985 7210,"34683 Bay Pass, Noida",NOA
7595495yVA,Viren Atri,717 129 9075,"5603 Scofield Drive, Agra",AGA
5742607rVA,Virender Atrey,360 439 3196,"4 Tennessee Avenue, Agra",AGA
3948399qVA,Virendra Atre,845 109 4582,"19 New Castle Place, Rajkot",RJT
1873444cVA,Viresh Ashtikar,526 304 5027,"69350 Schiller Parkway, Jaipur",JPR
4384208sVA,Viriya Asthana,127 668 2795,"83975 Bluestem Junction, Amritsar",ATR
3264088vVA,Virjiniya Asrani,880 995 4242,"57 Boyd Terrace, Lucknow",LKO
81052248VA,Virnit Ashar,777 169 0200,"1 Meadow Ridge Circle, Indore",IDE
0124656cVA,Vironika Arya,693 062 9752,"878 Fordem Road, Rajkot",RJT
8479915eVA,Virpal Arora,337 629 5610,"1358 Hauk Hill, Lucknow",LKO
40658949VA,Virwanti Arjun,177 132 6362,"7 Columbus Parkway, Noida",NOA
70834498VA,Visan Argade,997 595 6732,"637 Pepper Wood Lane, Delhi",DLI
3423733fVA,Vishakha Apture,192 354 1074,"58 Anniversary Street, Jaipur",JPR
96513260VA,Vishal Apte,892 674 1015,"203 Marcy Trail, Delhi",DLI
7812469gVA,Visham Apdev,773 648 6552,"4 Lillian Point, Bangalore",BGL
2759691eVA,Vishamitra Anumula,672 187 1448,"6 Johnson Alley, Kolkata",KKA
1576418wVA,Vishanu Antony,303 782 4666,"783 Pleasure Pass, Bhuwneswar",BNR
3451559rVA,Vishavkarma Annaladasula,852 311 4942,"086 Hansons Junction, Indore",IDE
7916891sVA,Vishesh Aneja,229 748 1188,"3 1st Road, Amritsar",ATR
2036770dVA,Vishnu Anchan,684 775 4496,"8831 Artisan Road, Delhi",DLI
77086171VA,Vishu Anchan,974 051 6603,"1188 Daystar Street, Amritsar",ATR
5720725iVA,Vishva Anandi,008 372 2612,"83 Knutson Plaza, Pune",PUN
7209855nWA,Wazir Anand,811 524 7613,"53696 West Point, Gurugram",GGM
5725121yWA,Wiliyam Amrutham,525 312 6643,"8698 Bowman Junction, Amritsar",ATR
7112489gWA,Wilkish Amravatikar,794 191 7977,"0 Lien Point, Delhi",DLI
5055072nWA,Wiresh Amladi,582 178 6878,"57 2nd Circle, Noida",NOA
1329723qYA,Yaadram Amin,525 322 5146,"9752 Schlimgen Trail, Gorakhpur",GKR
82375341YA,Yadho Ameer,144 064 2476,"381 Hazelcrest Junction, Noida",NOA
28378642YA,Yadram Ambulkar,723 602 9963,"05777 Crescent Oaks Plaza, Indore",IDE
8124288oYA,Yadvir Ambuja,071 168 4801,"38152 High Crossing Plaza, Delhi",DLI
4814955aYA,Yaksh Amble,871 042 2383,"7 Kipling Drive, Bhuwneswar",BNR
6802993qYA,Yaman Ambekar,879 067 3787,"394 Macpherson Place, Indore",IDE
2370527vYA,Yameen Ambedkar,622 796 0078,"73017 Hansons Circle, Varanasi",VNI
58180723YA,Yamin Ambani,211 144 1763,"63 7th Court, Amritsar",ATR
10088161YA,Yamini Amarnath,701 057 6267,"11445 Stang Road, Gorakhpur",GKR
6389961cYA,Yuvraj Aliababa,119 643 7627,"74719 Orin Way, Indore",IDE
12933418ZA,Zafar Akkineni,027 484 4732,"95194 Sheridan Junction, Chennai",CNI
61588132RA,Rishu Akhtar,775 802 0158,"4073 Parkside Crossing, Varanasi",VNI
2707234qRA,Risiraj Akash,654 424 3587,"612 Fairfield Alley, Bhuwneswar",BNR
16618047RA,Rita Ajgaonkar,213 898 3453,"99679 Fallview Parkway, Amritsar",ATR
0293317vRA,Ritesh Aiyappa,489 873 3386,"2 Forest Center, Delhi",DLI
1142923cRA,Rithik Ahuja,305 119 4522,"997 Bunting Pass, Gurugram",GGM
5820707sRA,Riti Ahluwalia,231 019 5196,"62 Troy Trail, Thane",THE
41036221RA,Ritik Ahlawat,121 407 2255,"694 Di Loreto Pass, Surat",SRT
5508268eRA,Ritika Agvan,272 007 2224,"5774 Division Place, Agra",AGA
0607896pRA,Ritu Agnihotri,608 283 8603,"4682 Farwell Lane, Jaipur",JPR
1503043cRA,Ritunjay Agate,154 317 8731,"7304 Florence Court, Rajkot",RJT
8184771nRA,Rituraj Agarwal,804 465 8403,"83 Norway Maple Court, Thane",THE
9353567nRA,Riya Agarkar,874 386 0185,"509 Maple Wood Hill, Gurugram",GGM
5288058xRA,Riyajuddin Advani,980 600 3879,"056 Hintze Road, Agra",AGA
3851845sRA,Riyajudhin Adiga,671 136 6923,"06204 Briar Crest Park, Bhopal",BPL
4327346aRA,Riyajudin Adhikari,838 426 3912,"0 Commercial Way, Bhuwneswar",BNR
9986976iRA,Riyajul Adhikane,773 890 3481,"6282 Nobel Street, Bangalore",BGL
35725078RA,Riyasat Adani,081 120 0641,"17 David Center, Bhuwneswar",BNR
3717736mRA,Riyaz Achrekar,151 500 5554,"33 Hollow Ridge Court, Bangalore",BGL
6126191tRA,Riyazuddin Acharya,174 518 8155,"57 Schurz Crossing, Chennai",CNI
39357180RA,Rizvana Abraham,088 909 6836,"31 Fairview Center, Noida",NOA
4224215zRA,Rizwaan Abhyankar,505 392 9384,"07552 Mayfield Road, Lucknow",LKO
15918880RK,Rizwan Kumar,570 771 1802,"9 Amoth Way, Bhuwneswar",BNR
36947740RP,Rizwana Pandit,805 417 6304,"6869 Dunning Way, Hydrabad",HDB