InventoryID,WerehouseID,ProductID,Quantity,ReorderLevel,SafetyStock
SKU6318,LKO-7632,XFI-XFI-725,207,89,10
SKU9286,LKO-2433,FLA-FLA-253,437,31,10
SKU1239,RJT-6780,TPH-TPH-591,499,67,10
SKU2956,ATR-3130,AKY-AKY-833,291,108,10
SKU4467,GBZ-4840,BRF-BRF-259,151,36,10
SKU0237,THE-8409,NQK-NQK-349,311,23,10
SKU6842,HDB-9154,JKT-JKT-110,228,18,10
SKU1428,ATR-5351,PAQ-PAQ-332,474,38,10
SKU8684,CNI-3158,HTS-HTS-248,121,80,10
SKU8611,MUM-2211,QOI-QOI-213,280,15,10
SKU6035,RJT-5640,WSI-WSI-307,426,102,10
SKU7531,MUM-6345,LGJ-LGJ-806,112,91,10
SKU2517,NOA-1976,XWH-XWH-616,165,75,10
SKU1774,MUM-1118,LSX-LSX-595,401,54,10
SKU0496,HDB-8121,LJF-LJF-933,305,95,10
SKU3763,PUN-3880,OSB-OSB-325,462,77,10
SKU4959,DDN-5530,GTK-GTK-284,439,85,10
SKU2408,GBZ-4886,GPH-GPH-922,498,83,10
SKU6252,ATR-9858,DUZ-DUZ-202,65,102,10
SKU3671,BNR-6199,STE-STE-646,305,35,10
SKU9748,BNR-2097,VTM-VTM-310,491,104,10
SKU1635,GBZ-4270,QKP-QKP-465,215,100,10
SKU3186,SRT-2467,ULD-ULD-435,383,48,10
SKU5353,JPR-8776,EYU-EYU-474,285,81,10
SKU9964,GBZ-8553,UOT-UOT-305,320,65,10
SKU9527,NOA-7494,ETE-ETE-732,400,74,10
SKU8610,RJT-890,PDG-PDG-924,286,94,10
SKU6783,RJT-3833,PHD-PHD-654,53,72,10
SKU3998,SRT-7538,DLX-DLX-841,435,79,10
SKU2211,MUM-1090,AGW-AGW-124,461,20,10
SKU0256,NOA-7844,AZV-AZV-450,487,33,10
SKU5496,PUN-5862,OOU-OOU-549,485,85,10
SKU3847,GGM-2795,FDM-FDM-032,233,102,10
SKU1082,KKA-6567,LAK-LAK-702,148,35,10
SKU6528,GGM-7253,FSZ-FSZ-043,288,68,10
SKU3441,GBZ-2535,JDS-JDS-636,387,105,10
SKU5785,JPR-2732,NIS-NIS-404,404,74,10
SKU1469,NOA-6062,HWZ-HWZ-637,387,33,10
SKU1084,THE-8301,DAD-DAD-229,329,105,10
SKU2462,HDB-5064,VQR-VQR-598,495,97,10
SKU2653,DDN-3776,NQX-NQX-286,276,59,10
SKU2820,AGA-6579,NDV-NDV-591,119,73,10
SKU2621,SRT-7184,FWP-FWP-633,418,65,10
SKU6431,GGM-2017,THY-THY-112,420,40,10
SKU0998,RJT-5341,KCE-KCE-052,59,55,10
SKU5063,MUM-2223,AIZ-AIZ-590,89,69,10
SKU6466,MUM-6394,GMO-GMO-013,215,110,10
SKU8762,BGL-7211,ZHY-ZHY-937,427,35,10
SKU3276,ABD-2431,JXG-JXG-874,77,21,10
SKU2998,KKA-5310,JTP-JTP-996,140,71,10
SKU2360,SRT-1927,NGA-NGA-716,309,74,10
SKU2059,PTA-1154,JSQ-JSQ-415,445,55,10
SKU6689,PTA-5402,QFJ-QFJ-249,93,106,10
SKU7799,NOA-6365,MGO-MGO-579,332,78,10
SKU1112,DLI-1370,IZI-IZI-671,342,85,10
SKU4136,KKA-9888,YOW-YOW-698,314,40,10
SKU8534,GKR-4193,OTI-OTI-200,216,10,10
SKU3001,BPL-2901,EAI-EAI-733,170,98,10
SKU5016,MUM-1010,LXJ-LXJ-593,266,50,10
SKU2811,PUN-1361,FHN-FHN-988,314,61,10
SKU5874,BPL-5366,NIL-NIL-092,278,40,10
SKU2157,DLI-5205,WER-WER-894,386,46,10
SKU4087,THE-9780,LWU-LWU-209,479,31,10
SKU8511,JPR-7026,APH-APH-810,462,76,10
SKU2578,VNI-5977,JUY-JUY-107,422,86,10
SKU4562,DDN-5450,CMC-CMC-135,284,96,10
SKU3904,ATR-7152,URF-URF-670,84,15,10
SKU1939,IDE-6556,UPE-UPE-655,67,109,10
SKU5313,THE-4085,IJZ-IJZ-068,368,14,10
SKU2432,MUM-8972,PIC-PIC-753,475,54,10
SKU5354,GKR-1637,PHD-PHD-590,253,54,10
SKU4825,DLI-3028,VMG-VMG-269,250,69,10
SKU6475,PTA-3313,PSP-PSP-017,225,81,10
SKU8645,GGM-5925,WGP-WGP-671,270,68,10
SKU6278,IDE-9258,WSN-WSN-462,385,22,10
SKU5237,MUM-9489,ELI-ELI-659,132,70,10
SKU6843,GBZ-2633,KOB-KOB-085,299,47,10
SKU2380,SRT-1040,BCV-BCV-924,464,32,10
SKU1767,DDN-9409,TJW-TJW-263,154,104,10
SKU9253,BNR-9681,TZH-TZH-624,492,79,10
SKU7844,GKR-6740,HSU-HSU-535,239,101,10
SKU6672,CNI-3162,QXZ-QXZ-027,395,76,10
SKU7615,GBZ-8631,NUS-NUS-351,295,73,10
SKU2307,BPL-1410,RSJ-RSJ-239,409,41,10
SKU3986,HDB-8505,SLB-SLB-191,235,67,10
SKU0765,PTA-2129,FLJ-FLJ-763,479,37,10
SKU3988,GKR-2112,EUP-EUP-203,400,64,10
SKU8331,ABD-6601,LIN-LIN-173,473,63,10
SKU5499,JPR-1360,URM-URM-457,214,75,10
SKU0000,BGL-2599,FHK-FHK-814,394,31,10
SKU1237,SRT-9190,DXF-DXF-217,257,80,10
SKU4741,BNR-2159,JIW-JIW-302,382,67,10
SKU5437,ABD-9561,LFX-LFX-096,65,106,10
SKU9158,BPL-5693,XIZ-XIZ-281,402,41,10
SKU3167,RJT-4347,MHW-MHW-296,408,71,10
SKU9160,BNR-4940,YSW-YSW-152,478,43,10
SKU1265,LKO-4740,KLE-KLE-280,457,40,10
SKU0264,GGM-8734,HEF-HEF-349,188,89,10
SKU9169,ATR-6928,XBK-XBK-379,201,69,10
SKU4671,KKA-4894,IUX-IUX-683,481,90,10
SKU0703,IDE-3048,PBX-PBX-725,388,85,10
SKU7222,IDE-1752,POS-POS-195,162,10,10
SKU8760,THE-5158,THW-THW-235,444,75,10
SKU1123,IDE-6509,MZU-MZU-361,489,84,10
SKU2432,GBZ-7666,CIR-CIR-054,357,42,10
SKU3173,JPR-3068,IDM-IDM-121,238,13,10
SKU0069,PTA-6820,EZE-EZE-547,330,93,10
SKU0542,GGM-7407,BGF-BGF-780,266,83,10
SKU6730,RJT-6456,JKT-JKT-493,283,18,10
SKU8475,VNI-9375,OIN-OIN-776,164,20,10
SKU3525,PTA-7699,ZKA-ZKA-410,254,10,10
SKU8398,JPR-6470,OLV-OLV-090,136,52,10
SKU8978,KKA-7942,GHI-GHI-327,252,12,10
SKU9202,GBZ-4180,NHD-NHD-151,353,28,10
SKU2162,THE-4195,EHG-EHG-259,332,110,10
SKU2588,ATR-6024,XZP-XZP-330,187,36,10
SKU4498,VNI-1496,FWY-FWY-640,418,89,10
SKU7052,PUN-7492,PZT-PZT-185,383,35,10
SKU1543,BNR-2821,FBU-FBU-120,410,48,10
SKU2157,GGM-60,FPO-FPO-103,121,91,10
SKU1861,LKO-1570,KTO-KTO-960,500,13,10
SKU9034,GBZ-1328,RIY-RIY-825,137,19,10
SKU2247,ATR-2591,RBU-RBU-783,274,56,10
SKU0849,GGM-9061,UVR-UVR-356,65,41,10
SKU5556,GBZ-4388,BHY-BHY-116,473,40,10
SKU2384,BPL-6699,GDC-GDC-646,78,83,10
SKU2214,AGA-9012,EEV-EEV-762,105,33,10
SKU7306,MUM-3170,UOR-UOR-588,141,72,10
SKU5643,BNR-2830,ZWJ-ZWJ-571,493,79,10
SKU8836,PUN-9408,GIO-GIO-299,442,102,10
SKU5114,CNI-8890,OJZ-OJZ-184,287,16,10
SKU6538,GKR-4879,ERI-ERI-698,197,23,10
SKU2841,LKO-6032,QYJ-QYJ-703,368,105,10
SKU6087,THE-3860,GML-GML-850,171,35,10
SKU1966,AGA-5523,YVN-YVN-457,447,106,10
SKU0440,NOA-4429,LOP-LOP-169,86,31,10
SKU1545,KKA-6430,SWD-SWD-740,261,70,10
SKU1060,BNR-3255,LHG-LHG-687,219,101,10
SKU8163,VNI-7046,LVH-LVH-476,416,49,10
SKU8413,CNI-1351,OWH-OWH-061,169,94,10
SKU3221,MUM-6742,FJM-FJM-480,358,59,10
SKU8271,RJT-9736,AIF-AIF-374,282,38,10
SKU0986,VNI-4680,HGT-HGT-092,182,20,10
SKU7789,GKR-1229,NMI-NMI-695,375,63,10
SKU7385,GKR-6490,WEL-WEL-070,476,110,10
SKU1277,MUM-3154,ROB-ROB-408,357,109,10
SKU2494,VNI-5634,GSE-GSE-316,452,76,10
SKU6245,BNR-9295,BTR-BTR-309,77,80,10
SKU3108,AGA-2168,MPA-MPA-487,183,17,10
SKU4632,PTA-6915,LAY-LAY-395,141,93,10
SKU9874,VNI-8296,HKK-HKK-936,138,98,10
SKU6150,IDE-8503,DFB-DFB-441,424,26,10
SKU3948,JPR-3982,TYR-TYR-229,489,68,10
SKU4158,GKR-7200,0H-0H-721,256,42,10
SKU1910,SRT-9146,QCX-QCX-677,434,31,10
SKU6826,JPR-5537,KIL-KIL-804,260,59,10
SKU0219,ABD-2500,NQI-NQI-339,173,110,10
SKU8344,GBZ-9691,PBB-PBB-043,281,12,10
SKU9716,GKR-2411,UNA-UNA-898,498,52,10
SKU6843,VNI-8619,ERV-ERV-808,444,85,10
SKU7668,NOA-5600,QYM-QYM-242,242,66,10
SKU6316,PTA-3864,CXI-CXI-363,338,72,10
SKU5957,GKR-5637,KKR-KKR-094,241,10,10
SKU6894,BPL-5823,QSC-QSC-441,166,93,10
SKU9672,RJT-4011,EYK-EYK-646,97,64,10
SKU0608,GBZ-4803,ADL-ADL-656,260,34,10
SKU8044,PTA-6010,WNH-WNH-287,434,40,10
SKU0700,JPR-7340,NFG-NFG-166,367,96,10
SKU8447,RJT-8588,MYT-MYT-339,216,110,10
SKU6974,AGA-8855,TUZ-TUZ-904,194,50,10
SKU9014,HDB-7531,IXY-IXY-512,61,102,10
SKU9615,PUN-3992,SDW-SDW-545,316,88,10
SKU8562,ATR-5936,DQE-DQE-611,369,45,10
SKU1627,RJT-2337,NTP-NTP-289,361,35,10
SKU0174,BNR-2060,MID-MID-727,464,39,10
SKU7155,DDN-5567,TUE-TUE-535,225,84,10
SKU5152,MUM-3947,FHI-FHI-696,188,90,10
SKU5637,MUM-3833,JET-JET-447,263,92,10
SKU3253,ABD-8598,WPU-WPU-757,301,65,10
SKU9658,PTA-6690,DMF-DMF-276,470,60,10
SKU0288,MUM-2460,QTI-QTI-097,276,48,10
SKU1587,THE-4309,NXL-NXL-688,288,89,10
SKU6283,MUM-3083,SDF-SDF-587,323,28,10
SKU0562,CNI-2624,RLL-RLL-045,484,79,10
SKU6080,ABD-9389,KRH-KRH-136,296,20,10
SKU4764,BGL-4413,EKZ-EKZ-665,469,18,10
SKU4213,JPR-6443,KLN-KLN-109,472,56,10
SKU9610,THE-2640,MLF-MLF-737,374,110,10
SKU2404,IDE-2200,UXH-UXH-920,99,37,10
SKU0166,RJT-5949,GBT-GBT-168,436,64,10
SKU5079,AGA-1436,SVP-SVP-946,491,105,10
SKU7470,VNI-9600,QAH-QAH-623,434,90,10
SKU8488,ABD-9057,FRW-FRW-767,363,81,10
SKU4415,HDB-4463,PER-PER-760,296,74,10
SKU4749,NOA-6271,WJQ-WJQ-654,120,22,10
SKU9511,ABD-7700,MIJ-MIJ-207,309,56,10
SKU0431,IDE-2308,BWL-BWL-583,474,21,10
SKU8806,BPL-6637,XDE-XDE-273,417,13,10
SKU6545,SRT-3742,UEJ-UEJ-234,458,109,10
SKU6845,DLI-3857,ZTW-ZTW-643,192,67,10
SKU3852,GGM-9187,LHR-LHR-163,195,21,10
SKU3848,DLI-9514,SUM-SUM-999,280,108,10
SKU9133,DLI-1713,GTA-GTA-476,144,104,10
SKU1476,ATR-6152,MJU-MJU-730,113,107,10
SKU5994,RJT-7406,NBY-NBY-262,338,106,10
SKU6341,BGL-1383,DBY-DBY-989,381,50,10
SKU0543,JPR-8893,HRM-HRM-821,330,92,10
SKU1535,PTA-6110,XOK-XOK-887,394,103,10
SKU6546,PTA-1258,ELB-ELB-563,425,11,10
SKU5697,DDN-9142,WCT-WCT-327,152,77,10
SKU0905,RJT-4721,SIR-SIR-744,86,58,10
SKU5724,THE-4706,LAR-LAR-394,476,55,10
SKU0499,GGM-9309,OUJ-OUJ-081,320,94,10
SKU4100,PUN-9739,BEY-BEY-569,428,10,10
SKU9729,HDB-1108,JLA-JLA-451,242,25,10
SKU0075,GBZ-2713,PLS-PLS-957,482,86,10
SKU5444,IDE-5346,OGA-OGA-576,398,17,10
SKU5398,DLI-1761,CIB-CIB-977,472,41,10
SKU4552,VNI-2330,IGE-IGE-163,413,83,10
SKU0252,BGL-9580,HTV-HTV-979,398,81,10
SKU4142,MUM-4233,DXL-DXL-717,381,61,10
SKU0304,HDB-5140,ZPF-ZPF-388,364,55,10
SKU6588,NOA-8431,DUP-DUP-074,79,13,10
SKU4578,VNI-8702,TNK-TNK-799,255,83,10
SKU9935,HDB-4056,KFW-KFW-314,139,42,10
SKU6095,SRT-6515,UDI-UDI-738,402,84,10
SKU8903,ATR-7287,DAQ-DAQ-031,360,34,10
SKU2523,PTA-8852,XHH-XHH-149,386,83,10
SKU0694,IDE-6768,JBW-JBW-896,193,26,10
SKU9597,BNR-1169,QAP-QAP-661,55,110,10
SKU9936,AGA-6580,LPE-LPE-930,185,42,10
SKU6853,AGA-7090,YFC-YFC-905,254,86,10
SKU3517,GBZ-8176,HSV-HSV-376,360,110,10
SKU1724,VNI-7531,PWE-PWE-330,120,68,10
SKU1434,CNI-9443,NWA-NWA-377,58,24,10
SKU1413,BPL-1605,GHG-GHG-923,430,92,10
SKU0343,GGM-6110,CGJ-CGJ-146,123,46,10
SKU2701,THE-2880,YRR-YRR-103,157,70,10
SKU5631,PUN-8222,CRH-CRH-511,388,53,10
SKU5624,BPL-4660,WRF-WRF-000,425,78,10
SKU0100,SRT-7816,HZK-HZK-762,84,48,10
SKU4145,BNR-9858,XDT-XDT-844,117,14,10
SKU7472,DLI-6252,SQV-SQV-464,200,76,10
SKU1004,ATR-3876,NBD-NBD-563,137,51,10
SKU7704,AGA-8540,CIU-CIU-373,465,57,10
SKU5955,ATR-8561,ZPZ-ZPZ-367,479,96,10
SKU9414,DLI-5786,YAE-YAE-847,294,19,10
SKU4940,ABD-5177,R0-R0-788,395,31,10
SKU4032,GKR-8022,ZZF-ZZF-917,151,107,10
SKU2380,PUN-6828,UGP-UGP-104,52,74,10
SKU4039,SRT-6215,EBW-EBW-174,330,31,10
SKU1714,SRT-8567,XKH-XKH-618,191,11,10
SKU2517,SRT-8305,UBQ-UBQ-628,75,24,10
SKU3705,AGA-8391,GMA-GMA-196,392,56,10
SKU5936,HDB-220,WZA-WZA-159,496,97,10
SKU6813,ATR-6036,PMW-PMW-349,354,32,10
SKU6797,BNR-9823,SDW-SDW-716,456,31,10
SKU5567,BNR-1033,TIO-TIO-907,484,109,10
SKU4388,DDN-9534,AEZ-AEZ-641,436,24,10
SKU8258,VNI-1340,IHO-IHO-796,311,22,10
SKU9842,AGA-4162,NGD-NGD-591,430,94,10
SKU5116,JPR-4647,JPV-JPV-699,371,32,10
SKU4585,VNI-4800,QIG-QIG-482,176,14,10
SKU9766,ATR-7553,KBI-KBI-177,329,31,10
SKU1787,BGL-7529,OUV-OUV-358,322,80,10
SKU6260,GBZ-2914,ASM-ASM-133,484,24,10
SKU9489,LKO-7580,TJZ-TJZ-927,338,75,10
SKU0851,ABD-9890,COC-COC-755,464,19,10
SKU4933,PUN-9795,KZD-KZD-162,80,70,10
SKU5849,CNI-9850,ONJ-ONJ-653,414,52,10
SKU8639,PUN-4670,NFE-NFE-545,305,46,10
SKU5951,BNR-4649,NWC-NWC-059,461,53,10
SKU3291,CNI-7417,QFI-QFI-262,444,35,10
SKU9127,LKO-6587,RJQ-RJQ-094,87,42,10
SKU4972,BGL-4359,XXL-XXL-544,302,83,10
SKU6112,GKR-5547,WMX-WMX-406,332,77,10
SKU0762,BNR-9000,FLC-FLC-871,372,74,10
SKU8184,PTA-5954,BRA-BRA-074,331,47,10
SKU5427,VNI-2265,FMV-FMV-134,344,63,10
SKU4652,SRT-3986,PFQ-PFQ-012,236,75,10
SKU7766,GKR-4836,FQJ-FQJ-076,189,89,10
SKU9454,BGL-5338,RPT-RPT-976,99,32,10
SKU9645,MUM-9488,MNC-MNC-117,332,13,10
SKU9178,BNR-4830,UOU-UOU-764,276,16,10
SKU5632,PUN-3473,RFK-RFK-504,61,94,10
SKU1971,SRT-8209,LAF-LAF-176,136,17,10
SKU3548,DLI-9708,LYZ-LYZ-459,424,31,10
SKU7108,JPR-6624,YFH-YFH-176,349,81,10
SKU3678,KKA-6877,WPC-WPC-048,200,95,10
SKU0882,GKR-2590,DSW-DSW-924,184,90,10
SKU6937,KKA-8115,JUC-JUC-082,108,59,10
SKU7096,DLI-3091,TSP-TSP-843,238,57,10
SKU1442,RJT-9378,CJC-CJC-886,262,56,10
SKU6411,KKA-8918,P0-P0-385,153,79,10
SKU4402,BNR-1834,JTD-JTD-551,362,80,10
SKU2448,ATR-2314,MHA-MHA-824,495,110,10
SKU0148,RJT-8998,APC-APC-339,215,81,10
SKU8899,KKA-7128,ADB-ADB-864,305,45,10
SKU4624,NOA-3350,QSL-QSL-117,87,71,10
SKU4525,ABD-7569,KZZ-KZZ-424,227,20,10
SKU5123,KKA-1154,LRF-LRF-776,74,23,10
SKU6371,RJT-4470,VFI-VFI-061,167,34,10
SKU2491,ATR-9281,TFP-TFP-970,385,18,10
SKU7036,AGA-7870,EHT-EHT-466,114,57,10
SKU2176,AGA-4309,ALE-ALE-752,131,89,10
SKU4883,IDE-3012,RPR-RPR-933,115,51,10
SKU7472,RJT-7916,BSP-BSP-347,298,61,10
SKU1647,KKA-6315,NBK-NBK-406,314,69,10
SKU4883,HDB-5815,ZPF-ZPF-740,343,37,10
SKU9635,MUM-2700,JVG-JVG-159,133,90,10
SKU3573,RJT-6476,VFI-VFI-862,496,79,10
SKU1646,KKA-7461,SFN-SFN-266,395,55,10
SKU4417,AGA-5511,EPB-EPB-690,52,64,10
SKU2554,GBZ-1134,SGT-SGT-670,106,38,10
SKU2534,KKA-9473,KWW-KWW-732,166,25,10
SKU5002,GKR-2569,IID-IID-053,456,14,10
SKU8238,AGA-3324,NYL-NYL-013,357,69,10
SKU5192,CNI-8651,BCY-BCY-207,322,42,10
SKU8364,GGM-6787,ONM-ONM-292,184,84,10
SKU3501,DLI-6282,XLJ-XLJ-541,93,30,10
SKU5626,GKR-1101,QHH-QHH-397,272,62,10
SKU7685,PUN-6285,CVW-CVW-977,319,35,10
SKU3083,DDN-3167,KCD-KCD-579,441,86,10
SKU2266,BNR-6235,OAF-OAF-729,272,15,10
SKU7577,PTA-5180,OZV-OZV-198,494,79,10
SKU1092,HDB-6801,QUE-QUE-565,371,45,10
SKU5005,RJT-7025,NQJ-NQJ-359,308,73,10
SKU5816,GGM-3593,QHE-QHE-544,445,98,10
SKU6974,ATR-9833,JUU-JUU-276,130,73,10
SKU9081,IDE-5984,OSV-OSV-690,133,73,10
SKU6199,CNI-4553,PNG-PNG-463,245,31,10
SKU0369,HDB-2210,KYU-KYU-527,366,84,10
SKU1397,DDN-6613,RAC-RAC-642,333,86,10
SKU2147,THE-2272,SCG-SCG-024,258,68,10
SKU1594,CNI-7446,NFK-NFK-796,459,76,10
SKU1676,GGM-4170,SRO-SRO-714,224,85,10
SKU2930,THE-1260,PUY-PUY-453,289,101,10
SKU3018,BGL-9107,VBA-VBA-987,401,78,10
SKU2259,VNI-8852,UNB-UNB-897,69,62,10
SKU9993,JPR-8307,RNF-RNF-709,366,55,10
SKU4081,IDE-2018,WNK-WNK-316,424,31,10
SKU5204,HDB-1205,VYD-VYD-077,382,32,10
SKU8821,BNR-5845,KNB-KNB-138,454,102,10
SKU5914,DDN-8986,NMZ-NMZ-786,55,80,10
SKU8638,RJT-4895,DDN-DDN-676,260,51,10
SKU1151,JPR-8435,INQ-INQ-993,387,18,10
SKU4245,DDN-3615,PSA-PSA-538,452,90,10
SKU9716,VNI-9580,XXW-XXW-427,384,45,10
SKU7122,NOA-9122,BBP-BBP-228,262,104,10
SKU0364,ABD-9709,MRT-MRT-025,57,50,10
SKU9806,BGL-4165,DJD-DJD-308,464,11,10
SKU1320,ABD-6970,KCY-KCY-546,406,29,10
SKU8603,HDB-9242,ONB-ONB-243,486,68,10
SKU6017,IDE-9718,WYJ-WYJ-268,402,65,10
SKU3528,DDN-1989,VXK-VXK-261,265,47,10
SKU4868,NOA-1078,LNP-LNP-334,351,98,10
SKU8450,MUM-5291,PWD-PWD-368,144,25,10
SKU5661,GGM-3910,ONQ-ONQ-395,230,11,10
SKU6207,THE-7294,PHO-PHO-826,379,47,10
SKU0297,JPR-2174,XSW-XSW-324,141,10,10
SKU7044,CNI-6868,0B-0B-795,491,108,10
SKU3114,DDN-8665,OQH-OQH-807,324,50,10
SKU7170,GKR-3487,BUJ-BUJ-123,198,33,10
SKU5763,LKO-3845,NHM-NHM-692,495,51,10
SKU4525,GBZ-9100,QZE-QZE-685,225,64,10
SKU2179,ATR-5896,TGM-TGM-824,212,80,10
SKU8738,LKO-1680,NQK-NQK-330,206,52,10
SKU3328,GBZ-3802,MTT-MTT-203,96,98,10
SKU0537,THE-2106,HMO-HMO-925,103,90,10
SKU2969,BNR-9454,VFW-VFW-528,434,107,10
SKU7457,DDN-4571,CVF-CVF-939,474,65,10
SKU6202,ABD-5695,FDK-FDK-605,231,72,10
SKU4222,LKO-8455,WJS-WJS-032,238,44,10
SKU5025,RJT-2181,SIP-SIP-018,80,13,10
SKU0142,GGM-2359,CMK-CMK-560,283,71,10
SKU3640,CNI-7709,KZR-KZR-488,492,87,10
SKU2724,PUN-4431,HFU-HFU-233,244,17,10
SKU8496,BNR-7415,ECO-ECO-068,401,61,10
SKU4806,BNR-6072,YVA-YVA-940,467,85,10
SKU1104,ATR-3178,EVK-EVK-993,61,39,10
SKU5731,SRT-9810,SLV-SLV-693,331,59,10
SKU9444,HDB-5878,SOW-SOW-039,61,34,10
SKU9926,GKR-5744,YSU-YSU-692,320,72,10
SKU6565,LKO-3510,LZK-LZK-245,106,53,10
SKU5408,PTA-8063,SMA-SMA-543,458,78,10
SKU4795,GKR-5519,AIN-AIN-865,270,68,10
SKU6131,KKA-6364,QPN-QPN-742,241,30,10
SKU5989,PTA-3113,LJJ-LJJ-647,267,89,10
SKU8118,IDE-2331,IOO-IOO-656,241,45,10
SKU4555,KKA-1959,LWZ-LWZ-688,115,17,10
SKU0814,JPR-7641,IJC-IJC-597,140,64,10
SKU9039,THE-6344,WNR-WNR-597,371,52,10
SKU0775,IDE-7159,OYH-OYH-201,326,39,10
SKU4328,ATR-2950,YZF-YZF-757,70,61,10
SKU7826,BNR-1998,EIK-EIK-388,458,83,10
SKU6746,GGM-7125,HEU-HEU-868,66,67,10
SKU6578,NOA-4248,YJL-YJL-906,435,104,10
SKU0429,PTA-4659,CNK-CNK-824,196,41,10
SKU1123,GBZ-3789,JON-JON-010,102,82,10
SKU5385,BNR-7077,WXK-WXK-261,334,56,10
SKU4070,BPL-6207,DHS-DHS-082,207,12,10
SKU4325,BNR-3194,YTT-YTT-083,168,80,10
SKU6099,SRT-8302,XXG-XXG-023,177,22,10
SKU6324,IDE-2618,TBV-TBV-953,176,30,10
SKU4527,MUM-4237,XMP-XMP-942,360,70,10
SKU7637,ATR-2078,AKF-AKF-094,339,55,10
SKU8648,VNI-7280,SQG-SQG-862,328,25,10
SKU3421,NOA-5230,VWN-VWN-942,120,101,10
SKU9542,LKO-6892,DHD-DHD-848,197,19,10
SKU6788,GKR-1603,KUC-KUC-774,161,31,10
SKU6375,BPL-8190,QOP-QOP-833,437,14,10
SKU4397,JPR-6618,WIU-WIU-358,498,73,10
SKU2375,HDB-5561,CJT-CJT-223,211,20,10
SKU2259,VNI-5308,SVX-SVX-577,273,89,10
SKU7561,MUM-9813,YVJ-YVJ-789,482,110,10
SKU1927,PTA-4340,QHT-QHT-439,463,14,10
SKU3059,PTA-8051,ATD-ATD-358,182,22,10
SKU7059,BPL-5130,SXT-SXT-902,84,108,10
SKU0910,KKA-1966,MNF-MNF-351,194,33,10
SKU4835,AGA-9542,YPH-YPH-902,195,98,10
SKU3235,DDN-1973,GUV-GUV-696,450,67,10
SKU5610,VNI-7774,RPS-RPS-107,119,108,10
SKU4953,GKR-4680,MOC-MOC-787,478,64,10
SKU4435,PTA-5990,SDT-SDT-216,439,100,10
SKU8679,DLI-8487,TIK-TIK-151,288,10,10
SKU1287,AGA-4330,RUA-RUA-378,361,23,10
SKU4488,ATR-1440,DXQ-DXQ-514,496,80,10
SKU0662,ATR-8635,WUK-WUK-898,390,106,10
SKU8726,GGM-8688,PDD-PDD-954,496,67,10
SKU5831,CNI-8289,IET-IET-642,146,76,10
SKU6594,RJT-4877,IHI-IHI-693,456,84,10
SKU5377,ABD-4328,DPF-DPF-717,206,19,10
SKU8196,THE-3820,BRR-BRR-325,328,99,10
SKU7150,THE-2414,ZVF-ZVF-945,162,32,10
SKU5042,GKR-4360,OKU-OKU-931,370,17,10
SKU7560,ABD-9504,SBA-SBA-770,270,99,10
SKU8377,VNI-7577,RWG-RWG-470,461,30,10
SKU5496,BNR-3025,OJB-OJB-948,249,32,10
SKU4529,PUN-8477,WPD-WPD-426,327,32,10
SKU1036,CNI-7652,UTS-UTS-093,261,102,10
SKU9264,JPR-4576,PLR-PLR-069,195,20,10
SKU5888,THE-9620,IWT-IWT-631,186,79,10
SKU0826,SRT-9501,SVE-SVE-286,351,110,10
SKU0835,RJT-3270,WTN-WTN-236,299,34,10
SKU7079,RJT-7962,ROI-ROI-817,162,108,10
SKU7817,GKR-4245,YJI-YJI-243,158,79,10
SKU9157,RJT-9130,MZD-MZD-343,187,71,10
SKU2488,LKO-7252,SBN-SBN-645,476,85,10
SKU9341,LKO-9193,CHM-CHM-259,421,38,10
SKU7708,AGA-5437,NGI-NGI-715,407,58,10
SKU0495,JPR-3012,UHA-UHA-672,173,98,10
SKU2984,BPL-3512,MCV-MCV-769,492,12,10
SKU5738,GGM-8413,RWO-RWO-917,113,50,10
SKU8409,MUM-6360,BLD-BLD-905,315,109,10
SKU1696,HDB-5631,HOZ-HOZ-684,474,66,10
SKU6873,HDB-8304,TPM-TPM-758,172,91,10
SKU7261,ABD-8328,HLX-HLX-609,143,21,10
SKU0967,GBZ-9231,OWE-OWE-383,152,32,10
SKU3585,RJT-2962,QLN-QLN-712,255,108,10
SKU3183,PTA-4009,HHV-HHV-416,56,32,10
SKU0431,AGA-8862,LSI-LSI-752,451,73,10
SKU2401,GBZ-9451,UYB-UYB-369,403,24,10
SKU9632,DLI-3343,BZA-BZA-386,155,55,10
SKU7386,PUN-4299,NMA-NMA-727,361,67,10
SKU2359,VNI-2781,KVC-KVC-215,126,38,10
SKU6907,SRT-3855,WXV-WXV-625,69,94,10
SKU6680,ABD-8792,QDS-QDS-877,449,89,10
SKU2172,BNR-1250,MHH-MHH-201,408,52,10
SKU7241,MUM-7750,YOR-YOR-299,371,25,10
SKU7433,CNI-9022,WBQ-WBQ-840,484,51,10
SKU5130,HDB-8739,VOG-VOG-715,74,89,10
SKU8331,ABD-3955,ESP-ESP-851,442,110,10
SKU3529,THE-9401,EJR-EJR-527,392,10,10
SKU4566,CNI-8309,DIJ-DIJ-540,421,67,10
SKU2098,PUN-1381,DCU-DCU-834,362,34,10
SKU9667,SRT-660,DOH-DOH-556,296,72,10
SKU3061,BGL-9130,AXT-AXT-010,465,51,10
SKU1808,THE-5298,PCQ-PCQ-411,223,52,10
SKU3048,BNR-4429,MVZ-MVZ-161,283,97,10
SKU5638,GGM-5873,YDS-YDS-510,388,69,10
SKU2963,GBZ-20,QBS-QBS-703,199,22,10
SKU0520,GKR-730,WUM-WUM-722,53,77,10
SKU9052,JPR-8918,HYG-HYG-507,442,29,10
SKU5937,DDN-2727,WVJ-WVJ-880,386,37,10
SKU9651,LKO-3650,GHG-GHG-187,169,88,10
SKU2760,CNI-1991,BLA-BLA-376,448,107,10
SKU1304,DDN-5265,VIP-VIP-196,117,27,10
SKU8549,GKR-6615,FKH-FKH-599,168,91,10
SKU6667,SRT-8930,SBI-SBI-701,320,87,10
SKU5400,DLI-7460,GNE-GNE-063,113,95,10
SKU0975,CNI-9420,XGY-XGY-894,371,21,10
SKU2590,DDN-8050,HRZ-HRZ-220,465,105,10
SKU2684,RJT-1350,COT-COT-795,251,24,10
SKU5411,THE-9606,RMB-RMB-471,76,48,10
SKU1414,BNR-3434,XPA-XPA-484,129,34,10
SKU9257,BGL-3760,KXI-KXI-272,422,94,10
SKU4380,IDE-1518,KEU-KEU-379,446,47,10
SKU4394,IDE-9272,NPF-NPF-904,467,19,10
SKU7497,VNI-7350,ILG-ILG-422,164,104,10
SKU2802,NOA-2250,HHL-HHL-923,496,84,10
SKU1767,SRT-5876,VJE-VJE-162,304,10,10
SKU3440,THE-7970,AVQ-AVQ-913,163,70,10
SKU2361,GGM-1523,QRX-QRX-354,247,38,10
SKU2380,BPL-6794,TWV-TWV-041,75,76,10
SKU9048,NOA-4516,RHL-RHL-306,304,65,10
SKU3853,BNR-3220,NCS-NCS-088,481,37,10
SKU1550,CNI-6339,LQS-LQS-507,378,68,10
SKU2513,CNI-5282,RGH-RGH-597,74,67,10
SKU9410,RJT-3185,TYG-TYG-662,442,109,10
SKU9033,CNI-4376,IEC-IEC-217,247,90,10
SKU6300,ABD-4173,PBO-PBO-595,176,85,10
SKU5522,DDN-1960,KKK-KKK-857,83,64,10
SKU8328,PUN-5387,YVJ-YVJ-400,52,16,10
SKU5185,ABD-2669,PWN-PWN-202,428,81,10
SKU1655,JPR-3730,OQJ-OQJ-858,336,35,10
SKU0820,VNI-9056,JMM-JMM-814,473,70,10
SKU4685,VNI-3983,WGX-WGX-787,393,81,10
SKU6629,CNI-6235,CSB-CSB-738,169,87,10
SKU1316,RJT-3316,DZK-DZK-922,212,17,10
SKU5204,AGA-2271,BGZ-BGZ-949,312,53,10
SKU4854,RJT-2218,CBP-CBP-596,58,90,10
SKU4559,BPL-2602,QBB-QBB-108,57,90,10
SKU6413,MUM-6117,IMC-IMC-657,444,28,10
SKU2156,ATR-5482,RGN-RGN-942,442,92,10
SKU8732,CNI-3465,FPN-FPN-481,488,25,10
SKU3107,THE-3761,RWC-RWC-260,216,69,10
SKU9213,HDB-1450,EYS-EYS-195,237,52,10
SKU7619,BNR-2296,GFX-GFX-933,358,47,10
SKU6762,ATR-3696,NXG-NXG-078,269,31,10
SKU5982,GKR-4108,FHH-FHH-396,386,81,10
SKU2481,SRT-8843,KML-KML-065,292,97,10
SKU1346,VNI-3672,QZC-QZC-492,237,74,10
SKU3513,VNI-8167,KYM-KYM-687,391,35,10
SKU9968,SRT-2568,WJQ-WJQ-280,443,29,10
SKU3673,BPL-7993,EOW-EOW-746,261,72,10
SKU6868,SRT-8533,VBA-VBA-065,111,41,10
SKU2899,PUN-1861,SML-SML-372,424,101,10
SKU7741,PUN-5421,TVJ-TVJ-491,92,47,10
SKU6408,GKR-4319,JBV-JBV-875,401,79,10
SKU6858,PTA-9019,HXE-HXE-662,354,96,10
SKU5767,LKO-6093,YQY-YQY-972,256,30,10
SKU5988,GBZ-3935,FOB-FOB-762,147,102,10
SKU9868,DDN-8920,NCA-NCA-861,72,78,10
SKU9743,PUN-2096,KKW-KKW-860,432,19,10
SKU4109,SRT-1806,OSD-OSD-579,355,88,10
SKU4066,GBZ-9580,QJX-QJX-375,232,84,10
SKU2130,IDE-4026,XYR-XYR-861,463,22,10
SKU3082,GKR-8284,CCM-CCM-147,215,65,10
SKU7207,HDB-8805,GAZ-GAZ-553,208,77,10
SKU6727,CNI-7802,UIA-UIA-080,133,23,10
SKU5785,DLI-4083,HNZ-HNZ-044,198,78,10
SKU9036,AGA-7118,HDN-HDN-209,101,56,10
SKU5608,HDB-9320,LVB-LVB-940,370,16,10
SKU1290,VNI-6717,GLC-GLC-648,68,71,10
SKU8983,GBZ-3669,YMQ-YMQ-025,72,83,10
SKU7390,RJT-8190,RJL-RJL-859,243,69,10
SKU2666,SRT-8401,VMG-VMG-154,135,58,10
SKU6060,RJT-3734,IGJ-IGJ-106,248,47,10
SKU4358,DDN-6297,LST-LST-952,69,48,10
SKU2971,BGL-4504,ORA-ORA-151,65,106,10
SKU6195,HDB-5572,CUU-CUU-075,105,50,10
SKU6840,DDN-9675,MQD-MQD-839,191,14,10
SKU4483,VNI-7304,REF-REF-215,489,107,10
SKU0501,JPR-2890,OWP-OWP-835,451,94,10
SKU2250,VNI-4428,VFT-VFT-790,226,97,10
SKU3003,PUN-5468,AYQ-AYQ-468,494,41,10
SKU3605,ATR-3360,AFM-AFM-024,489,49,10
SKU0473,DLI-5926,ONQ-ONQ-040,393,85,10
SKU5898,IDE-5305,ZYF-ZYF-116,230,15,10
SKU3384,CNI-7668,JDD-JDD-268,388,49,10
SKU6324,ATR-9550,MDJ-MDJ-769,68,20,10
SKU4077,DLI-4664,CSN-CSN-791,356,52,10
SKU6585,CNI-8405,LMG-LMG-185,477,84,10
SKU8985,GKR-5103,BNC-BNC-945,190,21,10
SKU1319,VNI-4068,EIG-EIG-372,136,29,10
SKU4577,ABD-1486,QJD-QJD-961,92,90,10
SKU4215,RJT-4133,TTX-TTX-955,109,46,10
SKU9700,BPL-2196,UQF-UQF-177,349,86,10
SKU0041,NOA-4018,JWM-JWM-024,79,35,10
SKU2614,CNI-7613,PJR-PJR-482,492,108,10
SKU5053,LKO-2365,SSE-SSE-212,346,106,10
SKU5625,VNI-1219,RTX-RTX-599,204,18,10
SKU8026,BPL-3534,DMI-DMI-622,284,54,10
SKU0842,IDE-180,RUY-RUY-993,434,26,10
SKU5341,GBZ-3797,UZC-UZC-270,280,11,10
SKU9473,KKA-5477,UIF-UIF-485,331,82,10
SKU7128,AGA-6361,QGG-QGG-073,99,10,10
SKU1982,JPR-8581,DXJ-DXJ-835,440,93,10
SKU8442,KKA-4744,YFK-YFK-253,52,14,10
SKU9475,THE-7650,CUB-CUB-436,333,16,10
SKU8778,PUN-7265,CKI-CKI-401,98,37,10
SKU2893,DLI-4581,UAY-UAY-110,172,54,10
SKU6464,JPR-4058,PXX-PXX-158,480,66,10
SKU9706,RJT-5230,CHH-CHH-561,51,22,10
SKU9312,DDN-5954,BYD-BYD-866,446,66,10
SKU8629,BPL-4226,PWZ-PWZ-423,179,94,10
SKU0478,JPR-6500,SUA-SUA-364,339,34,10
SKU0944,DDN-9797,DXU-DXU-947,433,86,10
SKU8153,RJT-4154,ESA-ESA-074,406,42,10
SKU6863,HDB-1210,FZO-FZO-493,371,43,10
SKU5471,GBZ-8417,XEZ-XEZ-875,104,28,10
SKU3262,RJT-2194,RHW-RHW-875,327,40,10
SKU5592,ATR-4490,BCX-BCX-056,403,91,10
SKU8266,SRT-1120,MGE-MGE-293,395,23,10
SKU9753,VNI-6199,THO-THO-955,292,71,10
SKU6955,RJT-8392,GAU-GAU-270,492,30,10
SKU9285,GGM-2885,FBP-FBP-004,406,94,10
SKU6975,GGM-3003,QLH-QLH-361,245,52,10
SKU7654,ATR-8959,YKK-YKK-016,313,80,10
SKU4732,AGA-2828,CCT-CCT-987,252,19,10
SKU9036,CNI-2907,PGQ-PGQ-610,245,102,10
SKU4353,ATR-6317,TGZ-TGZ-446,348,92,10
SKU0909,CNI-5636,HTN-HTN-240,433,33,10
SKU4371,VNI-3478,CEH-CEH-266,492,26,10
SKU6651,LKO-6216,GWA-GWA-662,144,42,10
SKU2056,JPR-3206,GHW-GHW-523,121,109,10
SKU1184,JPR-4096,UBS-UBS-397,483,79,10
SKU8531,KKA-1968,QAE-QAE-753,386,101,10
SKU6244,RJT-3720,KRB-KRB-908,177,32,10
SKU0627,DDN-1545,XQU-XQU-738,350,57,10
SKU4930,HDB-8480,DJF-DJF-235,216,110,10
SKU7287,JPR-1482,JLB-JLB-727,495,110,10
SKU9986,AGA-2966,CUC-CUC-773,73,61,10
SKU1110,HDB-9371,IZQ-IZQ-720,499,100,10
SKU6572,BPL-4164,LIW-LIW-029,477,49,10
SKU0162,NOA-3861,MIG-MIG-493,103,65,10
SKU4664,NOA-6740,LFW-LFW-720,302,103,10
SKU4932,BPL-9345,BAO-BAO-990,240,37,10
SKU5876,DLI-7249,VUP-VUP-142,176,79,10
SKU0397,RJT-4050,BYX-BYX-499,370,82,10
SKU9346,GBZ-5363,YZM-YZM-568,403,11,10
SKU9221,AGA-4632,ZCX-ZCX-817,358,84,10
SKU3358,KKA-6834,KFZ-KFZ-066,353,78,10
SKU3033,BNR-5209,ZBO-ZBO-100,56,34,10
SKU9906,THE-6702,AXE-AXE-271,98,25,10
SKU8487,PUN-7592,OZP-OZP-409,360,10,10
SKU5708,VNI-8298,ZBD-ZBD-199,463,88,10
SKU3330,IDE-4653,RAF-RAF-938,138,23,10
SKU4425,KKA-1997,JXH-JXH-282,120,89,10
SKU7128,AGA-1528,VYM-VYM-440,489,82,10
SKU6654,GGM-5398,EXZ-EXZ-055,462,72,10
SKU5514,HDB-3531,UQP-UQP-785,187,39,10
SKU2032,BPL-3798,MIW-MIW-776,377,12,10
SKU5891,RJT-5472,QAS-QAS-503,337,13,10
SKU1403,MUM-1666,OQH-OQH-390,299,78,10
SKU3707,IDE-7548,XCK-XCK-265,322,84,10
SKU5259,BNR-4334,YJE-YJE-789,470,81,10
SKU2780,VNI-7012,CKE-CKE-997,233,106,10
SKU6550,PUN-6525,JXT-JXT-414,301,72,10
SKU2500,BNR-7620,UBC-UBC-619,463,71,10
SKU5169,ABD-4090,EHB-EHB-342,154,89,10
SKU3842,PUN-4849,AHO-AHO-667,156,88,10
SKU0344,KKA-5663,VHB-VHB-351,492,73,10
SKU5474,JPR-6863,OSK-OSK-771,314,10,10
SKU8153,PTA-1186,UFA-UFA-599,373,89,10
SKU4969,PTA-4500,KBM-KBM-986,471,39,10
SKU0550,BGL-4684,HLF-HLF-214,222,80,10
SKU5205,PUN-6836,XJN-XJN-661,210,26,10
SKU2363,BPL-2167,CDI-CDI-511,327,83,10
SKU9118,MUM-2481,VKJ-VKJ-041,235,42,10
SKU1281,BGL-4117,HLR-HLR-456,424,83,10
SKU7488,DDN-5701,BMB-BMB-693,174,11,10
SKU1797,NOA-4492,ZDC-ZDC-798,493,52,10
SKU9557,VNI-580,GND-GND-861,422,53,10
SKU4257,HDB-3629,QVN-QVN-957,456,17,10
SKU0064,LKO-1620,YQI-YQI-102,231,24,10
SKU6660,AGA-9175,CDC-CDC-904,405,96,10
SKU5490,BPL-9471,QBX-QBX-808,344,64,10
SKU5622,GKR-8558,IXF-IXF-886,104,54,10
SKU0471,JPR-3328,QRY-QRY-426,274,16,10
SKU5774,IDE-1643,XDN-XDN-890,475,101,10
SKU9918,IDE-4650,IVG-IVG-428,457,53,10
SKU5028,BPL-1527,VUY-VUY-339,58,96,10
SKU4662,THE-6232,NGD-NGD-675,71,17,10
SKU0788,VNI-7083,HQF-HQF-699,396,74,10
SKU9470,HDB-4100,AHS-AHS-181,203,86,10
SKU4985,RJT-3867,HVW-HVW-838,201,82,10
SKU5981,VNI-2695,VWI-VWI-049,186,23,10
SKU0346,IDE-5100,LER-LER-686,429,83,10
SKU1922,DDN-2212,HLA-HLA-800,102,67,10
SKU0438,BPL-8640,BRS-BRS-801,322,14,10
SKU1384,GKR-8154,RSG-RSG-637,180,108,10
SKU9171,BNR-6360,LJC-LJC-162,56,24,10
SKU3129,ATR-7061,DGI-DGI-792,66,66,10
SKU8820,BGL-2944,FXM-FXM-955,232,42,10
SKU3164,DDN-4476,SYA-SYA-079,263,22,10
SKU5435,NOA-1998,ADT-ADT-942,434,105,10
SKU0488,LKO-7559,XZN-XZN-092,179,13,10
SKU4145,PUN-7508,WTJ-WTJ-275,50,16,10
SKU4543,BNR-4144,BGQ-BGQ-787,196,90,10
SKU6011,GBZ-7589,NKZ-NKZ-104,430,79,10
SKU7634,MUM-8590,BMD-BMD-117,63,56,10
SKU4838,CNI-3609,HBJ-HBJ-344,161,83,10
SKU5333,THE-8403,ZMR-ZMR-604,134,97,10
SKU5150,VNI-5827,DBA-DBA-387,204,54,10
SKU6547,ATR-5385,ASQ-ASQ-624,185,103,10
SKU8819,SRT-8090,ZIQ-ZIQ-349,209,100,10
SKU0667,DDN-7693,MBW-MBW-837,367,58,10
SKU9503,CNI-4403,CDT-CDT-151,191,37,10
SKU6479,VNI-3848,CNZ-CNZ-924,198,104,10
SKU2149,PTA-4914,XCG-XCG-313,132,15,10
SKU6310,GKR-5562,PDF-PDF-648,385,25,10
SKU2514,DLI-5466,GKZ-GKZ-517,100,100,10
SKU3642,ATR-6442,LUJ-LUJ-149,316,66,10
SKU1901,ABD-9889,LRK-LRK-814,86,88,10
SKU9122,NOA-8661,CPX-CPX-060,52,97,10
SKU1829,DDN-4651,BVO-BVO-135,335,46,10
SKU9875,VNI-5619,TLX-TLX-838,447,52,10
SKU2279,IDE-6105,OKQ-OKQ-232,249,73,10
SKU1810,AGA-9395,ENR-ENR-001,446,102,10
SKU0006,BPL-5001,COC-COC-120,422,25,10
SKU7746,RJT-1323,VTW-VTW-946,204,12,10
SKU8844,THE-5420,GVX-GVX-843,486,20,10
SKU6013,GBZ-9609,ZBP-ZBP-860,351,22,10
SKU8791,ATR-8016,MIY-MIY-493,489,43,10
SKU0678,ATR-7880,SII-SII-762,479,29,10
SKU0600,CNI-2577,TPM-TPM-514,236,44,10
SKU6057,GKR-9789,EBA-EBA-620,379,59,10
SKU9698,LKO-3940,PXX-PXX-096,403,110,10
SKU4056,DLI-4670,EDB-EDB-666,274,108,10
SKU4151,GBZ-4795,TZM-TZM-474,444,69,10
SKU9407,CNI-9900,XPM-XPM-431,61,97,10
SKU3885,THE-6165,BFY-BFY-281,366,37,10
SKU7873,ABD-4772,VGX-VGX-814,470,30,10
SKU7709,THE-3754,NRO-NRO-556,320,72,10
SKU0158,JPR-8540,MOX-MOX-309,247,27,10
SKU3490,ABD-5570,AME-AME-753,298,11,10
SKU7697,GGM-2419,NLP-NLP-699,456,74,10
SKU3127,GBZ-5144,KNZ-KNZ-469,388,18,10
SKU7354,PTA-2992,FTV-FTV-645,90,106,10
SKU0898,BNR-7151,MEC-MEC-927,158,88,10
SKU2983,BPL-7990,DXF-DXF-164,477,27,10
SKU0476,AGA-5843,VJV-VJV-034,387,59,10
SKU8458,GGM-9010,AHU-AHU-023,119,65,10
SKU1994,SRT-5795,IKH-IKH-394,257,21,10
SKU6024,GBZ-6591,FVV-FVV-456,260,52,10
SKU5605,AGA-6667,FYM-FYM-289,354,83,10
SKU9084,NOA-1054,SRF-SRF-795,206,76,10
SKU6862,LKO-7965,NES-NES-625,339,89,10
SKU7360,GKR-6794,WHX-WHX-536,366,64,10
SKU9180,BNR-8335,XAY-XAY-051,193,77,10
SKU2541,RJT-5875,OFY-OFY-410,227,52,10
SKU6489,BPL-1516,VTZ-VTZ-421,405,67,10
SKU7805,SRT-8213,THO-THO-830,343,26,10
SKU4339,GKR-7314,TNS-TNS-974,117,96,10
SKU7746,KKA-7283,JZR-JZR-178,196,64,10
SKU1684,ATR-9661,CMY-CMY-815,222,66,10
SKU8319,IDE-9534,CBL-CBL-187,489,91,10
SKU5917,SRT-1945,GEA-GEA-121,268,48,10
SKU4393,SRT-1961,IQS-IQS-467,432,83,10
SKU9416,ATR-5013,RAI-RAI-421,117,45,10
SKU3462,GBZ-6164,HCA-HCA-564,208,51,10
SKU9525,BPL-5484,IDT-IDT-178,310,11,10
SKU2089,RJT-4826,YRZ-YRZ-565,351,59,10
SKU2724,AGA-3255,ADU-ADU-097,124,77,10
SKU3194,GGM-9590,BCS-BCS-966,397,32,10
SKU7746,GGM-5014,MRD-MRD-950,257,21,10
SKU9733,BPL-9348,EVS-EVS-351,319,64,10
SKU1848,JPR-9159,UYP-UYP-126,190,46,10
SKU5673,ATR-7758,LIL-LIL-210,78,24,10
SKU5498,RJT-4640,CVY-CVY-742,95,106,10
SKU5448,NOA-6633,SMM-SMM-144,363,49,10
SKU3283,MUM-4228,KKO-KKO-597,490,81,10
SKU6004,PUN-8450,GPM-GPM-975,492,47,10
SKU6114,ABD-2434,KUH-KUH-845,275,44,10
SKU3258,ABD-4451,NQM-NQM-357,192,38,10
SKU7346,MUM-4964,NZN-NZN-625,124,107,10
SKU9950,ATR-5984,DFP-DFP-798,143,33,10
SKU5728,LKO-3000,AEG-AEG-624,362,81,10
SKU0126,AGA-6070,STS-STS-217,329,74,10
SKU3631,GKR-2424,IZC-IZC-299,206,64,10
SKU3125,GBZ-4759,QPK-QPK-496,52,21,10
SKU2044,JPR-3972,KIP-KIP-952,437,94,10
SKU2431,GKR-1588,JPS-JPS-159,82,11,10
SKU6770,RJT-8783,PQQ-PQQ-380,286,82,10
SKU7681,GKR-6050,TPR-TPR-785,216,89,10
SKU6505,KKA-1338,CTP-CTP-080,189,68,10
SKU8302,HDB-2487,LJQ-LJQ-118,188,64,10
SKU8874,AGA-8242,VFE-VFE-816,436,57,10
SKU2602,MUM-2612,OSU-OSU-122,185,44,10
SKU0217,RJT-1179,XRX-XRX-841,339,64,10
SKU0113,PTA-6041,XLX-XLX-418,336,99,10
SKU8938,MUM-4237,OSV-OSV-686,261,104,10
SKU2459,GKR-5280,UUC-UUC-960,268,25,10
SKU2930,KKA-1162,WNX-WNX-353,296,50,10
SKU6528,VNI-7115,DCL-DCL-218,173,57,10
SKU5012,DDN-9941,EFJ-EFJ-491,208,73,10
SKU9109,VNI-5840,KBP-KBP-930,126,51,10
SKU0719,GKR-5738,EGN-EGN-192,372,25,10
SKU5842,BNR-3050,MNF-MNF-255,331,16,10
SKU4729,GKR-5040,DDJ-DDJ-743,185,45,10
SKU2712,AGA-8626,JQT-JQT-882,109,97,10
SKU8891,LKO-1298,IXC-IXC-001,313,56,10
SKU8090,SRT-3269,OZO-OZO-722,363,11,10
SKU0480,ABD-5010,HVO-HVO-310,135,42,10
SKU8347,DDN-1933,LHB-LHB-714,120,78,10
SKU7437,IDE-9137,YRW-YRW-107,399,84,10
SKU5101,THE-2691,YIB-YIB-210,418,79,10
SKU9605,GGM-8954,ZMQ-ZMQ-685,250,89,10
SKU2408,GKR-9050,QDS-QDS-649,144,63,10
SKU1007,KKA-1650,MPK-MPK-135,112,98,10
SKU4245,GKR-4341,MQX-MQX-870,334,18,10
SKU5305,BGL-2424,ZEY-ZEY-240,51,105,10
SKU2381,JPR-9322,GNS-GNS-281,274,92,10
SKU5040,MUM-7804,BTF-BTF-860,146,39,10
SKU1530,VNI-1133,ZIZ-ZIZ-082,185,82,10
SKU0251,SRT-1433,JVL-JVL-261,197,85,10
SKU7811,ATR-5919,IEW-IEW-182,194,69,10
SKU7412,THE-9401,CDW-CDW-611,235,105,10
SKU3666,DLI-6159,KBA-KBA-060,186,88,10
SKU4722,PTA-3181,MKI-MKI-045,154,87,10
SKU7395,CNI-9135,ISW-ISW-485,138,16,10
SKU5363,GGM-7380,QGQ-QGQ-617,497,15,10
SKU1206,GBZ-9119,DWZ-DWZ-641,198,66,10
SKU9649,ATR-9372,LDB-LDB-185,411,16,10
SKU3177,NOA-6810,OAT-OAT-623,258,37,10
SKU8026,GGM-9651,NAL-NAL-216,476,80,10
SKU6314,BPL-5245,FDJ-FDJ-680,331,80,10
SKU1432,HDB-7161,DRX-DRX-386,419,50,10
SKU1706,HDB-4109,YWG-YWG-802,340,47,10
SKU9965,BPL-3579,DVV-DVV-454,301,103,10
SKU0569,KKA-6808,RTF-RTF-047,154,13,10
SKU7396,BNR-6928,MOF-MOF-277,51,93,10
SKU8613,PUN-6140,FHV-FHV-480,146,101,10
SKU2998,PTA-8760,OVX-OVX-607,478,76,10
SKU5309,BNR-5829,JLT-JLT-794,322,62,10
SKU6824,GBZ-3499,FSD-FSD-347,462,97,10
SKU1491,SRT-8240,DZY-DZY-570,246,54,10
SKU4870,BGL-3118,VHL-VHL-526,294,82,10
SKU6895,RJT-4299,WZH-WZH-023,374,27,10
SKU2906,DLI-3006,DHQ-DHQ-145,231,20,10
SKU0980,RJT-4170,JEW-JEW-044,281,34,10
SKU7781,GKR-2030,OUC-OUC-436,409,69,10
SKU6688,PUN-9722,ZKW-ZKW-306,335,10,10
SKU8106,GKR-1179,UWU-UWU-764,290,82,10
SKU5745,CNI-1149,HJY-HJY-627,454,13,10
SKU3287,ABD-7365,KGS-KGS-649,288,81,10
SKU5275,LKO-1607,HQM-HQM-416,140,63,10
SKU7208,ATR-1792,ASU-ASU-355,344,92,10
SKU1027,GGM-3647,PYY-PYY-932,357,15,10
SKU9806,THE-2388,VYP-VYP-581,54,40,10
SKU1728,DDN-9350,PYU-PYU-472,258,68,10
SKU2882,MUM-3036,MHF-MHF-676,93,100,10
SKU6647,BNR-6409,UJZ-UJZ-265,272,110,10
SKU9631,BGL-2274,MJJ-MJJ-023,120,50,10
SKU2162,THE-3002,QKW-QKW-189,353,42,10
SKU8112,THE-7530,SBJ-SBJ-516,200,105,10
SKU3511,DDN-5470,EHR-EHR-767,199,26,10
SKU4574,GKR-8124,MEI-MEI-132,146,78,10
SKU7225,AGA-8045,HAM-HAM-906,105,21,10
SKU7602,BGL-6013,RHK-RHK-376,379,90,10
SKU3655,SRT-4007,YRH-YRH-127,223,77,10
SKU3160,SRT-4247,MQI-MQI-239,51,26,10
SKU7004,THE-5506,WUI-WUI-285,278,59,10
SKU0671,VNI-6605,EIP-EIP-198,465,55,10
SKU8905,DLI-3746,NKO-NKO-359,141,67,10
SKU1154,PUN-5240,NUM-NUM-660,386,107,10
SKU8640,PUN-1887,LDO-LDO-317,195,73,10
SKU2359,VNI-6438,EMA-EMA-503,454,19,10
SKU4903,GBZ-3628,NYK-NYK-280,232,38,10
SKU9311,AGA-1525,XKJ-XKJ-356,462,101,10
SKU1869,VNI-8799,IUI-IUI-198,407,50,10
SKU2587,CNI-5765,KOT-KOT-153,359,38,10
SKU0623,AGA-6736,OQM-OQM-877,167,41,10
SKU9806,IDE-6883,HYY-HYY-628,318,18,10
SKU6207,GBZ-2239,SZT-SZT-566,67,20,10
SKU0240,BPL-7644,XVW-XVW-242,101,58,10
SKU1176,THE-6273,PRY-PRY-274,219,74,10
SKU9310,GGM-4406,WFP-WFP-127,390,15,10
SKU0012,GGM-3925,UCJ-UCJ-872,124,82,10
SKU6292,IDE-360,DLG-DLG-196,252,102,10
SKU2366,DDN-1162,QVL-QVL-001,309,32,10
SKU9334,ABD-8910,MDT-MDT-668,252,99,10
SKU2579,PTA-1344,IGA-IGA-425,214,46,10
SKU1069,ATR-4460,CCD-CCD-796,398,63,10
SKU2859,BGL-2894,KMO-KMO-737,356,94,10
SKU2186,JPR-4689,DFQ-DFQ-038,156,76,10
SKU5912,PUN-7264,QRD-QRD-911,118,105,10
SKU9162,GBZ-4035,HAN-HAN-873,322,90,10
SKU1402,ABD-5732,TCY-TCY-275,390,71,10
SKU1312,DLI-6401,RST-RST-936,372,92,10
SKU6431,AGA-5371,SHY-SHY-875,77,37,10
SKU4397,KKA-9852,NIB-NIB-633,77,78,10
SKU6212,BGL-8120,DPG-DPG-906,271,25,10
SKU4400,MUM-9778,NSH-NSH-354,346,64,10
SKU4894,PUN-5618,VFX-VFX-853,334,19,10
SKU8354,GBZ-3032,TSO-TSO-854,439,65,10
SKU8710,GGM-9758,APL-APL-934,323,98,10
SKU8628,LKO-4147,NVY-NVY-981,231,95,10
SKU8489,ATR-4532,URY-URY-136,378,68,10
SKU3620,HDB-3476,WWW-WWW-650,85,14,10
SKU0969,BGL-8016,VHJ-VHJ-162,135,21,10
SKU9724,JPR-5888,EKU-EKU-820,394,107,10
SKU2739,KKA-6251,REK-REK-699,198,107,10
SKU4423,GBZ-2023,LWS-LWS-600,287,76,10
SKU2591,AGA-4239,SNV-SNV-911,239,68,10
SKU0798,MUM-1916,DEF-DEF-936,162,49,10
SKU3121,NOA-6018,CGB-CGB-361,227,16,10
SKU2426,AGA-3377,XQN-XQN-505,346,70,10
SKU5385,GBZ-8915,UWY-UWY-122,57,67,10
SKU7261,LKO-3884,AED-AED-984,387,87,10
SKU4737,IDE-7180,YAH-YAH-030,238,44,10
SKU2482,BGL-2291,UOE-UOE-544,65,56,10
SKU5866,AGA-4537,JAB-JAB-785,252,71,10
SKU7082,BGL-1033,CUV-CUV-512,156,16,10
SKU3776,GKR-8924,SUS-SUS-067,163,92,10
SKU2497,AGA-9838,HMC-HMC-429,304,12,10
SKU2741,NOA-2169,QZH-QZH-784,151,14,10
SKU8569,NOA-7330,UCV-UCV-878,241,105,10
SKU6511,PUN-5031,ZGC-ZGC-076,375,90,10
SKU1353,MUM-5025,FWA-FWA-992,246,106,10
SKU0522,CNI-2283,YTV-YTV-455,144,45,10
SKU8696,BGL-8040,SWR-SWR-521,145,50,10
SKU2566,DDN-7970,KWE-KWE-874,86,41,10
SKU9662,PUN-5505,HJS-HJS-410,410,75,10
SKU9217,IDE-9690,PCV-PCV-680,480,15,10
SKU1798,DDN-8212,BOD-BOD-602,122,56,10
SKU2288,LKO-2763,FIZ-FIZ-384,360,29,10
SKU3510,SRT-6434,NQH-NQH-269,88,15,10
SKU0923,JPR-9698,RWG-RWG-946,85,63,10
SKU0931,GBZ-6400,RVS-RVS-676,304,37,10
SKU0089,ATR-1352,PZK-PZK-281,472,109,10
SKU2603,SRT-1249,VKR-VKR-430,390,42,10
SKU8147,BPL-6154,RMQ-RMQ-191,353,27,10
SKU2218,ATR-4530,PSP-PSP-185,133,96,10
SKU4943,SRT-8812,HHW-HHW-237,413,100,10
SKU2298,GGM-9701,CZS-CZS-478,400,104,10
SKU4942,AGA-4468,IJL-IJL-351,345,22,10
SKU2424,DLI-6158,UUJ-UUJ-503,204,83,10
SKU9888,MUM-5780,WQL-WQL-069,316,16,10
SKU9879,PUN-8640,LBR-LBR-279,233,52,10
SKU7943,HDB-8087,WXO-WXO-108,281,74,10
SKU4681,PUN-9893,VMW-VMW-146,147,108,10
SKU8494,ABD-1892,CDQ-CDQ-078,191,65,10
SKU0916,GGM-7201,ASP-ASP-819,248,37,10
SKU7314,HDB-2771,NJD-NJD-319,275,59,10
SKU3922,PUN-3687,0Y-0Y-217,432,32,10
SKU7069,BNR-1149,GPX-GPX-221,458,62,10
SKU8295,GGM-2865,FKP-FKP-848,238,38,10
SKU6097,ATR-4905,EMQ-EMQ-348,175,80,10
SKU7694,CNI-7430,GUH-GUH-586,136,47,10
SKU0770,NOA-9736,NYR-NYR-323,365,33,10
SKU8792,DDN-1944,UXB-UXB-947,126,16,10
SKU7602,IDE-2725,FSX-FSX-029,366,68,10
SKU3050,BPL-6880,BSW-BSW-026,394,37,10
SKU3016,ATR-2808,CEG-CEG-823,359,99,10
SKU7066,PTA-8343,SUV-SUV-277,235,26,10
SKU7577,ATR-2458,IGL-IGL-296,180,13,10
SKU4210,NOA-7476,KKF-KKF-831,195,40,10
SKU0149,ABD-1769,OVM-OVM-692,464,84,10
SKU0467,VNI-6770,KOD-KOD-916,191,87,10
SKU8658,BNR-2200,KFS-KFS-745,56,43,10
SKU2583,PTA-2334,TTQ-TTQ-738,75,16,10
SKU7435,PUN-9433,LJT-LJT-166,478,30,10
SKU0429,VNI-9607,MRK-MRK-086,401,17,10
SKU5728,JPR-8087,TYL-TYL-232,342,62,10
SKU9873,NOA-3126,FOC-FOC-269,300,49,10
SKU1214,HDB-1467,BHX-BHX-986,369,78,10
SKU9365,BNR-3826,RTM-RTM-541,189,48,10
SKU4219,GGM-7059,RGA-RGA-760,91,43,10
SKU7334,NOA-6662,FTV-FTV-594,312,18,10
SKU1368,ABD-7255,APM-APM-833,314,88,10
SKU9657,DLI-6780,OLU-OLU-156,254,81,10
SKU1108,BGL-2613,FBL-FBL-608,154,85,10
SKU4542,THE-8360,PHT-PHT-775,331,14,10
SKU3678,GGM-2529,KTA-KTA-326,143,30,10
SKU1809,HDB-2259,ELQ-ELQ-500,112,37,10
SKU6593,ABD-6981,BGS-BGS-891,334,101,10
SKU5407,HDB-9153,LNZ-LNZ-824,405,37,10
SKU1341,THE-6414,FZK-FZK-719,99,104,10
SKU2735,SRT-4392,SVB-SVB-614,201,75,10
SKU4281,BNR-2401,EUT-EUT-433,235,54,10
SKU3821,GBZ-3957,GRJ-GRJ-583,468,81,10
SKU6819,BGL-5217,JWB-JWB-857,66,79,10
SKU4874,GBZ-8758,GQW-GQW-271,348,104,10
SKU2176,PTA-7190,ACB-ACB-994,472,107,10
SKU4939,GKR-2305,SIK-SIK-342,246,16,10
SKU8189,CNI-7107,KVS-KVS-869,222,74,10
SKU1922,CNI-5017,KBK-KBK-739,278,75,10
SKU6029,GGM-6121,OQF-OQF-451,153,109,10
SKU7986,BGL-5237,MUT-MUT-746,354,49,10
SKU8876,VNI-4935,SUY-SUY-931,208,106,10
SKU0453,JPR-5785,OSQ-OSQ-846,312,35,10
SKU4896,PUN-1847,TEU-TEU-681,228,47,10
SKU6090,BGL-4595,MKE-MKE-267,132,87,10
SKU6360,THE-1846,OQY-OQY-921,205,108,10
SKU3121,ABD-6451,GGL-GGL-692,207,78,10
SKU9279,BGL-2912,GFQ-GFQ-363,303,48,10
SKU9995,IDE-6365,FBD-FBD-770,73,45,10
SKU5429,PUN-8527,MLM-MLM-094,477,48,10
SKU5180,PTA-4822,JXB-JXB-276,171,42,10
SKU4312,HDB-2477,YBG-YBG-217,443,101,10
SKU6683,IDE-6690,ZVE-ZVE-750,459,61,10
SKU4094,BPL-1391,TNJ-TNJ-392,428,64,10
SKU9377,BPL-7399,VSN-VSN-827,430,40,10
SKU5129,GBZ-4416,RUB-RUB-952,271,97,10
SKU1369,CNI-4700,NIL-NIL-181,162,66,10
SKU1058,NOA-2304,RXY-RXY-298,356,92,10
SKU2049,SRT-4098,EVD-EVD-960,369,26,10
SKU6963,BNR-3735,MBD-MBD-795,203,110,10